label,id,fea_1,fea_2,fea_3,fea_4,fea_5,fea_6,fea_7,fea_8,fea_9,fea_10,fea_11,n_products,n_prod_types,ovd_t1_sum,ovd_t2_sum,ovd_t3_sum,ovd_t3_max,ovd_days_sum,ovd_days_max,ovd_total_cnt,n_products_ovd,pay_normal_sum,pay_normal_mean,balance_sum,balance_max,highest_balance_max,limit_sum,share_no_limit,credit_history_days,recent_update_days,utilization,share_products_ovd,on_time_ratio,balance_to_highest,ever_ovd,fea_2_missing
1,54982665,5,1245.5,3,77000.0,2,15,5,109,5,151300,244.94897430000003,4,2,0,2,26,26,11906,11906,28,1,34,8.5,160449.6,153792.0,150500.0,60500.0,0.75,3491.0,675.0,0.11004297520661158,0.25,0.5483870967741935,1.0661102990033222,1,0
0,59004779,4,1277.0,1,113000.0,2,8,-1,100,3,341759,207.17384,15,5,2,2,0,0,195,195,4,1,174,11.6,30607.2,15120.0,360500.0,209000.0,0.8,4960.0,187.0,0.047322488038277516,0.06666666666666667,0.9775280898876404,0.08490208044382802,1,0
0,58990862,7,1298.0,1,110000.0,2,11,-1,101,5,72001,1.0,6,3,0,0,0,0,0,0,0,0,64,10.666666666666666,655072.8,273850.8,250500.0,102300.0,0.8333333333333334,1010.0,475.0,0.7326451612903226,0.0,1.0,2.6150610778443117,0,0
1,58995168,7,1335.5,1,151000.0,2,11,5,110,3,60084,1.0,4,3,0,0,0,0,0,0,0,0,92,23.0,16279.2,16332.0,160500.0,184800.0,0.5,2301.0,1012.0,0.0880909090909091,0.0,1.0,0.10142803738317757,0,0
0,54987320,7,,2,59000.0,2,11,5,108,4,450081,197.4031408,9,4,0,0,0,0,0,0,0,0,193,21.444444444444443,2343270.0,1602807.6,1500500.0,464200.0,0.6666666666666666,3251.0,416.0,0.7036363636363636,0.0,1.0,1.5616594468510496,0,1
0,59005995,6,1217.0,3,56000.0,2,6,-1,100,3,60091,1.0,3,2,0,0,0,0,0,0,0,0,49,16.333333333333332,171298.8,113520.0,250500.0,70400.0,0.3333333333333333,1044.0,296.0,0.8207215909090909,0.0,1.0,0.6838275449101796,0,0
1,59001917,4,1304.0,3,35000.0,2,8,9,85,5,60069,1.0,2,2,0,0,0,0,0,0,0,0,28,14.0,22764.0,22764.0,44028.0,0.0,1.0,1241.0,218.0,,0.0,1.0,0.5170346143363315,0,0
1,54984789,5,1256.0,3,78000.0,2,15,-1,111,3,60030,1.0,4,1,4,1,0,0,105,82,5,2,80,20.0,92294.4,87733.2,73611.0,78100.0,0.25,1243.0,470.0,0.05840204865556978,0.5,0.9411764705882353,1.2538126095284672,1,0
0,58984557,5,1323.5,3,218000.0,2,15,5,112,4,151300,282.8427125,7,5,8,0,24,24,19370,19370,32,1,82,11.714285714285714,1536541.2000000002,1274601.6,2500500.0,188100.0,0.7142857142857143,3480.0,425.0,0.19316108452950556,0.14285714285714285,0.7192982456140351,0.6144935812837433,1,0
0,54990497,4,,2,35000.0,2,8,5,101,3,60029,237.301496,48,4,30,10,0,0,636,141,40,10,616,12.833333333333334,3255974.4,838872.0,750500.0,440000.0,0.9166666666666666,7618.0,431.0,1.145929090909091,0.20833333333333334,0.9390243902439024,4.33840692871419,1,1
0,58996401,7,1314.5,1,483000.0,2,11,9,101,3,151300,282.8427125,23,4,2,0,0,0,24,23,2,2,460,20.0,87602.40000000001,51891.6,7200500.0,795850.0,0.6086956521739131,4516.0,608.0,0.06749462838474586,0.08695652173913043,0.9956709956709957,0.012166155128116104,1,0
0,59001833,4,1250.0,3,95000.0,2,8,9,111,4,60047,1.0,3,2,0,0,0,0,0,0,0,0,42,14.0,31646.4,31646.4,48829.0,57200.0,0.6666666666666666,1033.0,686.0,0.5532587412587413,0.0,1.0,0.6481066579286899,0,0
0,58989327,7,1223.0,3,81000.0,2,11,5,114,4,151300,194.9358869,4,2,0,0,0,0,0,0,0,0,50,12.5,506568.0,446775.6,470500.0,144980.0,0.5,1023.0,371.0,0.34212994895847704,0.0,1.0,1.0766588735387885,0,0
0,59003965,4,,2,76000.0,2,8,9,113,4,60091,158.4077018,3,1,0,0,0,0,0,0,0,0,44,14.666666666666666,483.59999999999997,494.4,34147.0,178200.0,0.3333333333333333,1182.0,453.0,0.0027138047138047135,0.0,1.0,0.014162298298532813,0,1
0,58992002,7,1365.5,1,96000.0,2,11,-1,78,3,60025,178.8854382,18,5,15,12,2,2,1457,600,29,4,113,6.277777777777778,87171.6,54000.0,320592.0,0.0,1.0,6653.0,346.0,,0.2222222222222222,0.795774647887324,0.27190821979338226,1,0
0,54987675,7,1257.5,3,126000.0,2,11,5,105,3,151300,1.0,6,2,10,4,2,2,692,630,16,3,113,18.833333333333332,31140.0,30541.2,100500.0,33000.0,0.8333333333333334,3004.0,1812.0,0.018145454545454544,0.5,0.875968992248062,0.3098507462686567,1,0
0,58998405,4,1214.0,3,81000.0,2,8,5,111,1,60043,202.4845673,5,2,0,0,0,0,0,0,0,0,53,10.6,242221.2,197461.2,200500.0,199100.0,0.6,1022.0,453.0,0.22013460572576596,0.0,1.0,1.2080857855361598,0,0
1,58993173,7,1241.0,3,78000.0,1,11,5,105,5,60074,1.0,2,2,0,0,0,0,0,0,0,0,18,9.0,704337.6000000001,639676.8,656938.0,88000.0,0.5,738.0,340.0,0.7347818181818182,0.0,1.0,1.0721523187880746,0,0
1,54985924,7,1241.0,1,111000.0,2,11,5,90,5,350068,223.6067977,6,1,1,0,0,0,13,13,1,1,104,17.333333333333332,34971.6,21538.8,83039.0,232100.0,0.5,1669.0,386.0,0.13346833261525204,0.16666666666666666,0.9904761904761905,0.4211466901094666,1,0
1,59000383,4,,2,47000.0,2,8,9,107,5,151300,1.0,2,1,0,0,0,0,0,0,0,0,11,5.5,49538.4,25892.4,47632.0,22000.0,0.5,529.0,364.0,1.074818181818182,0.0,1.0,1.0400235136042997,0,1
0,58994740,7,,2,77000.0,2,11,9,114,5,510000,159.69971819999998,5,4,1,5,2,2,589,589,8,1,111,22.2,18484.8,18484.8,50500.0,0.0,1.0,3124.0,1459.0,,0.2,0.9327731092436975,0.3660356435643564,1,1
0,59004503,4,1305.5,1,129000.0,2,8,5,81,5,60014,1.0,2,1,0,0,0,0,0,0,0,0,17,8.5,3842.4,2642.4,23703.0,183700.0,0.0,675.0,496.0,0.020916712030484487,0.0,1.0,0.16210606252373116,0,0
0,58991241,7,1277.0,1,150000.0,2,11,5,95,5,60015,1.0,2,1,1,0,0,0,1,1,1,1,62,31.0,90808.8,89727.6,93055.0,171600.0,0.0,3397.0,1140.0,0.5291888111888112,0.5,0.9841269841269841,0.9758615872333567,1,0
0,54991685,4,1304.0,1,35000.0,2,8,5,105,3,340019,181.6590212,3,2,4,4,0,0,212,212,8,1,29,9.666666666666666,8898.0,8898.0,58400.0,0.0,1.0,2029.0,528.0,,0.3333333333333333,0.7837837837837838,0.15236301369863015,1,0
0,59003773,4,1320.5,3,164000.0,1,8,5,105,5,151300,187.08286930000003,2,1,0,0,0,0,0,0,0,0,36,18.0,34690.8,31134.0,32108.0,138600.0,0.5,1082.0,632.0,0.22463203463203463,0.0,1.0,1.0804410115858978,0,0
0,58991607,7,1290.5,3,119000.0,2,11,9,85,3,151300,200.0,6,2,0,0,0,0,0,0,0,0,88,14.666666666666666,240670.8,109753.2,100500.0,86900.0,0.6666666666666666,1900.0,544.0,0.12545454545454546,0.0,1.0,2.3947343283582088,0,0
1,59004540,4,,2,34000.0,2,8,5,100,5,72049,163.29421299999998,11,4,9,12,1,1,2091,1191,22,2,122,11.090909090909092,2565973.2,2553696.0,1800500.0,18700.0,0.8181818181818182,4869.0,263.0,0.0,0.18181818181818182,0.8472222222222222,1.4251447931130243,1,1
0,54984058,5,1455.5,3,35000.0,2,15,5,92,5,60058,1.0,1,1,0,0,0,0,0,0,0,0,36,36.0,0.0,0.0,27621.0,0.0,1.0,1598.0,1598.0,,0.0,1.0,0.0,0,0
1,58990737,7,1242.5,3,71000.0,1,11,5,108,5,60005,173.20508080000002,4,4,0,0,0,0,0,0,0,0,37,9.25,1926343.2,1868848.8,1600500.0,0.0,1.0,1305.0,428.0,,0.0,1.0,1.2035883786316777,0,0
1,58994089,7,1239.5,3,79000.0,2,11,8,111,5,71003,1.0,11,5,1,0,0,0,1,1,1,1,152,13.818181818181818,241378.8,125878.8,360500.0,129800.0,0.9090909090909091,2145.0,534.0,0.9697904468412943,0.09090909090909091,0.9934640522875817,0.6695667128987517,1,0
0,58990628,7,1335.5,3,150000.0,2,11,9,105,5,350050,412.3105626,20,6,2,0,0,0,27,26,2,2,388,19.4,8327017.199999999,5661632.4,5000500.0,552255.0,0.55,4716.0,393.0,0.0671342043077926,0.1,0.9948717948717949,1.6652369163083691,1,0
0,58998166,4,1355.0,3,177000.0,2,8,5,87,5,151101,1.0,14,5,3,2,4,3,699,509,9,4,201,14.357142857142858,363274.8,199824.0,202000.0,0.0,1.0,3925.0,428.0,,0.2857142857142857,0.9571428571428572,1.7983900990099009,1,0
0,58985693,5,,3,227000.0,2,15,-1,110,4,450080,183.0300522,10,3,7,7,38,20,15175,8429,52,4,149,14.9,132001.2,82831.2,215400.0,293700.0,0.8,3214.0,571.0,0.2838651685393258,0.4,0.7412935323383084,0.6128189415041784,1,1
0,58983409,5,1338.5,3,30000.0,2,15,5,110,4,71000,223.6067977,2,2,4,3,3,3,741,741,10,1,45,22.5,0.0,0.0,1645113.0,0.0,1.0,2418.0,1390.0,,0.5,0.8181818181818182,0.0,1,0
0,58992481,7,1259.0,3,74000.0,2,11,5,95,5,60036,207.3185954,4,4,0,0,0,0,0,0,0,0,46,11.5,118906.8,118906.8,100500.0,0.0,1.0,3647.0,594.0,,0.0,1.0,1.18315223880597,0,0
0,59003975,4,1364.0,1,200000.0,2,8,5,90,3,60022,212.1320344,4,2,0,0,0,0,0,0,0,0,85,21.25,283074.0,259027.2,296500.0,182600.0,0.75,2094.0,158.0,0.1332289156626506,0.0,1.0,0.9547183811129848,0,0
0,58994549,7,,2,90000.0,2,11,2,114,4,151300,173.20508080000002,3,3,0,0,0,0,0,0,0,0,51,17.0,1294057.2,1203596.4,1012697.0,0.0,1.0,1341.0,623.0,,0.0,1.0,1.2778325599858595,0,1
0,58989033,7,1335.5,3,126000.0,2,11,5,83,5,60051,1.0,5,2,0,0,0,0,0,0,0,0,96,19.2,601960.8,387211.2,510500.0,124300.0,0.8,2460.0,397.0,0.3301110217216412,0.0,1.0,1.1791592556317336,0,0
1,54986575,7,1272.5,3,50000.0,2,11,5,79,3,60011,1.0,3,1,0,0,0,0,0,0,0,0,14,4.666666666666667,29220.0,17460.0,29600.0,0.0,1.0,567.0,339.0,,0.0,1.0,0.9871621621621621,0,0
0,54988158,7,1347.5,1,392000.0,2,11,4,114,4,60018,1.0,28,5,1,0,0,0,2,2,1,1,447,15.964285714285714,71298.0,26498.4,3200500.0,1757250.0,0.7142857142857143,4352.0,1404.0,0.03691404182671788,0.03571428571428571,0.9977678571428571,0.02227714419621934,1,0
0,58998578,4,1191.5,3,50000.0,2,8,5,106,5,60090,1.0,26,7,1,0,0,0,1,1,1,1,485,18.653846153846153,2764226.4,948925.2,1000500.0,429000.0,0.8076923076923077,3333.0,559.0,0.7093062937062937,0.038461538461538464,0.9979423868312757,2.7628449775112442,1,0
0,54983799,5,1298.0,1,127000.0,2,15,-1,113,4,151300,1.0,5,2,0,0,0,0,0,0,0,0,94,18.8,117787.2,114184.8,136500.0,93500.0,0.8,2177.0,880.0,0.00586524064171123,0.0,1.0,0.86290989010989,0,0
0,58984960,5,1469.0,3,110000.0,2,15,5,82,5,350066,223.6067977,3,1,0,0,0,0,0,0,0,0,86,28.666666666666668,36.0,36.0,9274.0,140800.0,0.3333333333333333,2617.0,982.0,0.0002556818181818182,0.0,1.0,0.0038818201423334053,0,0
0,54989325,4,,2,49000.0,2,8,-1,113,4,72001,180.7235458,4,2,0,0,0,0,0,0,0,0,28,7.0,661150.7999999999,578613.6,482500.0,73700.0,0.75,869.0,325.0,0.1034898236092266,0.0,1.0,1.370260725388601,0,1
0,54988244,7,1400.0,1,100000.0,2,11,5,94,5,60028,205.55534530000003,7,4,0,0,0,0,0,0,0,0,82,11.714285714285714,545512.8,478202.4,490500.0,48950.0,0.7142857142857143,4153.0,435.0,0.4345005107252298,0.0,1.0,1.1121565749235476,0,0
1,58995842,7,1302.5,1,92000.0,2,11,-1,105,4,60075,212.1320344,3,3,0,0,0,0,0,0,0,0,20,6.666666666666667,33406.8,32724.0,70500.0,42900.0,0.6666666666666666,927.0,245.0,0.015916083916083915,0.0,1.0,0.4738553191489362,0,0
0,58994057,7,1314.5,1,127000.0,2,11,-1,109,3,340012,500.0,4,3,0,0,0,0,0,0,0,0,16,4.0,5981160.0,3042966.0,2500500.0,0.0,1.0,497.0,322.0,,0.0,1.0,2.391985602879424,0,0
1,58989594,7,1317.5,3,127000.0,2,11,9,88,5,71000,200.0,5,4,0,0,0,0,0,0,0,0,79,15.8,1357911.6,1137924.0,1000500.0,33000.0,0.8,1121.0,745.0,1.0930909090909091,0.0,1.0,1.357232983508246,0,0
0,59002949,4,1314.5,3,89000.0,2,8,5,111,4,151009,1.0,2,2,0,0,0,0,0,0,0,0,13,6.5,16744.8,16711.2,39298.0,22000.0,0.5,366.0,347.0,0.0015272727272727274,0.0,1.0,0.4260980202554837,0,0
0,59002060,4,1280.0,3,96000.0,2,8,9,112,4,60062,1.0,7,2,0,0,0,0,0,0,0,0,55,7.857142857142857,40108.8,29358.0,37300.0,67100.0,0.8571428571428571,1226.0,391.0,0.43752608047690017,0.0,1.0,1.0753029490616623,0,0
0,59004373,4,1287.5,1,139000.0,2,8,5,100,3,60030,244.94897430000003,4,2,0,0,0,0,0,0,0,0,80,20.0,338540.39999999997,231400.8,234500.0,93500.0,0.75,1435.0,627.0,1.0003764705882352,0.0,1.0,1.4436690831556502,0,0
0,54984810,5,1241.0,3,60000.0,2,15,5,90,5,60000,200.0,3,1,0,0,0,0,0,0,0,0,31,10.333333333333334,14632.800000000001,14347.2,64572.0,128700.0,0.3333333333333333,776.0,217.0,0.11473193473193473,0.0,1.0,0.22661215387474448,0,0
0,58988486,7,1187.0,3,90000.0,2,11,5,100,5,60093,1.0,8,4,0,0,0,0,0,0,0,0,168,21.0,130282.8,72639.6,204879.0,78100.0,0.875,3585.0,476.0,0.0758719590268886,0.0,1.0,0.6359011904587586,0,0
0,58983605,5,1350.5,1,237000.0,2,15,8,86,3,60085,223.6067977,9,3,1,0,0,0,1,1,1,1,148,16.444444444444443,256460.4,253185.6,406820.0,100100.0,0.8888888888888888,2688.0,620.0,0.01713086913086913,0.1111111111111111,0.9932885906040269,0.630402635072022,1,0
0,58991407,7,1302.5,1,92000.0,2,11,-1,105,4,591003,167.33200530000002,17,3,2,0,0,0,22,15,2,2,427,25.11764705882353,1741472.4000000001,1004398.8,875352.0,569800.0,0.6470588235294118,4173.0,2981.0,2.0814713934713938,0.11764705882352941,0.9953379953379954,1.9894538425684756,1,0
0,54984606,5,1205.0,3,61000.0,2,15,5,76,5,60069,1.0,4,3,5,0,0,0,39,38,5,2,91,22.75,59512.8,26113.2,50500.0,36300.0,0.75,1772.0,389.0,0.1103801652892562,0.5,0.9479166666666666,1.1784712871287129,1,0
0,54982353,1,1130.0,2,1000000.0,2,4,-1,100,5,650018,1.0,18,3,3,2,38,35,32078,31500,43,4,229,12.722222222222221,756596.4,326684.4,775030.0,1557600.0,0.6666666666666666,8024.0,832.0,0.379191063174114,0.2222222222222222,0.8419117647058824,0.9762156303626957,1,0
0,59004654,4,1352.0,1,168000.0,2,8,5,105,3,60017,223.6067977,6,4,0,0,0,0,0,0,0,0,65,10.833333333333334,215392.8,166660.8,450500.0,129800.0,0.8333333333333334,825.0,62.0,0.13673343605546995,0.0,1.0,0.47811942286348497,0,0
0,58989220,7,1223.0,3,73000.0,2,11,9,111,4,350092,200.0,6,2,0,0,0,0,0,0,0,0,57,9.5,228973.2,156723.6,165500.0,125400.0,0.8333333333333334,1573.0,542.0,0.4239808612440191,0.0,1.0,1.3835238670694865,0,0
1,54988224,7,1235.0,3,101000.0,2,11,5,112,3,60013,1.0,7,3,8,0,0,0,211,150,8,3,149,21.285714285714285,105582.0,69811.2,66297.0,117700.0,0.7142857142857143,3650.0,1564.0,0.8999286321155481,0.42857142857142855,0.9490445859872612,1.5925607493551743,1,0
0,54983094,5,1334.0,3,102000.0,2,15,9,84,5,72000,200.0,3,1,0,0,0,0,0,0,0,0,21,7.0,33888.0,30636.0,37899.0,0.0,1.0,1530.0,582.0,,0.0,1.0,0.8941660729834561,0,0
0,54992131,4,1214.0,3,68000.0,2,8,9,110,5,60091,1.0,2,1,0,0,0,0,0,0,0,0,19,9.5,26928.0,15003.6,23991.0,99000.0,0.5,615.0,281.0,0.12044848484848485,0.0,1.0,1.1224209078404401,0,0
1,58996840,7,1241.0,3,55000.0,2,11,9,113,4,151300,212.1320344,2,1,0,0,0,0,0,0,0,0,11,5.5,41144.399999999994,35323.2,39517.0,0.0,1.0,471.0,217.0,,0.0,1.0,1.0411822759824885,0,0
0,58998646,4,1293.5,1,458000.0,2,8,-1,75,5,340017,200.0,45,4,0,0,0,0,0,0,0,0,688,15.28888888888889,410653.2,205849.2,300500.0,804100.0,0.8222222222222222,6406.0,517.0,0.40059644322845417,0.0,1.0,1.3665663893510815,0,0
0,58998781,4,1382.0,3,76000.0,2,8,5,100,5,60018,173.20508080000002,2,1,0,0,0,0,0,0,0,0,13,6.5,-146.39999999999998,-34.8,74900.0,40700.0,0.5,429.0,398.0,-0.000855036855036855,0.0,1.0,-0.001954606141522029,0,0
1,58995151,7,,2,126000.0,2,11,9,115,4,450028,224.2676972,14,7,7,2,41,35,8572,6164,50,4,121,8.642857142857142,852283.2,588720.0,491100.0,0.0,1.0,3896.0,2.0,,0.2857142857142857,0.7076023391812866,1.7354575442883322,1,1
0,58998842,4,1323.5,1,103000.0,2,8,-1,85,5,350069,204.0171561,4,2,4,0,0,0,57,31,4,2,116,29.0,1657801.2,1639102.8,1416932.0,46200.0,0.75,1443.0,915.0,0.10327272727272727,0.5,0.9666666666666667,1.1699934788684283,1,0
1,58987028,5,1206.5,3,49000.0,2,15,2,102,4,551201,158.11388300000002,3,2,0,0,0,0,0,0,0,0,22,7.333333333333333,113358.0,54662.4,60865.0,66000.0,0.6666666666666666,672.0,443.0,0.7335454545454545,0.0,1.0,1.8624496837262794,0,0
1,54985084,7,1214.0,3,59000.0,2,11,9,86,5,60018,200.0,3,2,0,0,0,0,0,0,0,0,46,15.333333333333334,236871.6,191073.6,200500.0,0.0,1.0,1011.0,524.0,,0.0,1.0,1.1814044887780548,0,0
0,54982463,5,1272.5,3,70000.0,2,15,5,113,5,60033,167.1227094,2,2,0,0,0,0,0,0,0,0,34,17.0,79780.8,79780.8,100500.0,0.0,1.0,1775.0,974.0,,0.0,1.0,0.7938388059701493,0,0
0,59003131,4,1322.0,3,35000.0,2,8,5,95,3,151300,173.20508080000002,1,1,0,0,0,0,0,0,0,0,7,7.0,1688.4,1688.4,27840.0,0.0,1.0,442.0,442.0,,0.0,1.0,0.06064655172413794,0,0
0,59002005,4,1239.5,3,68000.0,2,8,5,84,5,60052,1.0,4,2,0,0,0,0,0,0,0,0,40,10.0,39229.200000000004,35824.8,96073.0,106700.0,0.75,878.0,427.0,0.33575257731958763,0.0,1.0,0.40832700134272903,0,0
0,58997354,4,1328.0,3,148000.0,2,8,2,110,5,60064,1.0,7,3,4,0,0,0,90,45,4,3,202,28.857142857142858,236306.4,226450.8,386500.0,77550.0,0.8571428571428571,3167.0,460.0,-0.0014081237911025145,0.42857142857142855,0.9805825242718447,0.6114007761966365,1,0
0,58984516,5,1371.5,3,82000.0,2,15,5,115,5,151300,1.0,22,6,3,1,4,4,687,687,8,1,423,19.227272727272727,1537310.4,544650.0,500500.0,134200.0,0.9090909090909091,3819.0,428.0,0.7976333830104322,0.045454545454545456,0.9814385150812065,3.071549250749251,1,0
0,59001893,4,1313.0,3,133000.0,2,8,5,80,5,60074,1.0,4,3,0,0,0,0,0,0,0,0,55,13.75,7191.6,7191.6,165500.0,122100.0,0.75,3780.0,926.0,0.0,0.0,1.0,0.04345377643504532,0,0
0,54983792,5,1212.5,3,125000.0,2,15,10,113,4,550005,187.08286930000003,15,3,0,0,0,0,0,0,0,0,223,14.866666666666667,382058.4,130767.6,158500.0,267300.0,0.7333333333333333,1859.0,389.0,0.3992188552188552,0.0,1.0,2.41046309148265,0,0
0,59003954,4,1322.0,1,104000.0,2,8,5,114,3,60019,212.1320344,10,2,0,0,0,0,0,0,0,0,102,10.2,1928696.4000000001,846604.8,740500.0,0.0,1.0,1750.0,63.0,,0.0,1.0,2.604586630654963,0,0
1,54986544,7,1214.0,3,51000.0,2,11,9,111,5,72000,1.0,5,2,0,0,0,0,0,0,0,0,80,16.0,59835.6,19471.2,39058.0,141900.0,0.6,1037.0,807.0,0.26246088794926004,0.0,1.0,1.5319678426954786,0,0
0,58997872,4,1305.5,3,91000.0,2,8,2,95,5,60091,1.0,5,2,0,0,0,0,0,0,0,0,36,7.2,15534.0,5760.0,33699.0,16500.0,0.8,1399.0,479.0,0.34654545454545455,0.0,1.0,0.4609632333303659,0,0
0,59003122,4,1278.5,3,115000.0,2,8,5,99,3,72000,173.20508080000002,2,1,0,0,0,0,0,0,0,0,44,22.0,1122.0,962.4,24950.0,108900.0,0.5,1178.0,701.0,0.001465564738292011,0.0,1.0,0.044969939879759516,0,0
1,54988011,7,1241.0,3,75000.0,2,11,5,110,4,450059,194.9358869,16,5,1,0,0,0,1,1,1,1,199,12.4375,739581.6,414792.0,360500.0,108900.0,0.8125,4215.0,349.0,1.0318126721763086,0.0625,0.995,2.0515439667128987,1,0
0,58998566,4,1281.5,3,304000.0,2,8,5,84,3,60024,1.0,12,3,3,0,0,0,17,15,3,2,261,21.75,908364.0,328586.4,300500.0,304150.0,0.6666666666666666,3097.0,458.0,0.14417359855334538,0.16666666666666666,0.9886363636363636,3.0228419301164724,1,0
0,58987375,5,1230.5,3,58000.0,2,15,-1,92,3,340020,122.4744871,10,4,3,0,0,0,76,50,3,2,140,14.0,93543.6,28716.0,48500.0,39600.0,0.8,1894.0,258.0,0.33675757575757576,0.2,0.9790209790209791,1.9287340206185568,1,0
0,58993203,7,,2,58000.0,2,11,5,113,4,510010,187.08286930000003,11,4,0,0,0,0,0,0,0,0,93,8.454545454545455,225323.99999999997,105997.2,123500.0,132000.0,0.7272727272727273,1972.0,374.0,0.8367545454545454,0.0,1.0,1.824485829959514,0,1
0,59004078,7,1257.5,1,84000.0,1,11,5,106,5,71000,173.20508080000002,5,1,0,0,0,0,0,0,0,0,93,18.6,4507.200000000001,8695.2,50525.0,193600.0,0.6,1233.0,533.0,0.004760330578512396,0.0,1.0,0.0892073231073726,0,0
1,59000783,4,1305.5,3,59000.0,2,8,5,113,4,72004,1.0,3,2,0,0,0,0,0,0,0,0,14,4.666666666666667,324662.39999999997,291261.6,250500.0,29700.0,0.6666666666666666,788.0,359.0,1.1246060606060606,0.0,1.0,1.29605748502994,0,0
0,58987210,5,1223.0,3,90000.0,2,15,5,101,3,450091,223.6067977,10,3,0,0,0,0,0,0,0,0,118,11.8,223606.80000000002,140305.2,117421.0,400950.0,0.5,1314.0,407.0,0.5285207631874299,0.0,1.0,1.9043169450098365,0,0
0,54989680,4,1214.0,3,118000.0,2,8,5,110,4,71000,223.6067977,7,3,4,5,5,4,1096,726,14,4,56,8.0,481644.0,243000.0,202360.0,221100.0,0.5714285714285714,3420.0,471.0,0.08871099050203528,0.5714285714285714,0.8,2.3801344139157936,1,0
0,54990315,4,1235.0,3,84000.0,2,8,5,82,5,60044,1.0,9,3,0,0,0,0,0,0,0,0,103,11.444444444444445,45700.8,30600.0,76916.0,13200.0,0.8888888888888888,5376.0,325.0,0.0,0.0,1.0,0.5941650631858131,0,0
0,58996127,7,1266.5,1,165000.0,2,11,5,111,3,60084,1.0,12,3,4,2,1,1,361,360,7,2,162,13.5,594480.0,219769.2,650500.0,333300.0,0.6666666666666666,3543.0,255.0,0.4527488748874888,0.16666666666666666,0.9585798816568047,0.9138816295157571,1,0
0,59005099,4,1304.0,1,100000.0,2,8,-1,113,3,350098,158.11388300000002,5,3,0,0,0,0,0,0,0,0,27,5.4,139110.0,114994.8,100612.0,110000.0,0.8,823.0,124.0,1.0454072727272727,0.0,1.0,1.3826382538862163,0,0
0,58991420,7,,2,64000.0,2,11,5,113,4,151009,159.88120590000003,4,3,0,0,0,0,0,0,0,0,46,11.5,131340.0,128191.2,150500.0,63800.0,0.75,1231.0,483.0,0.010006269592476488,0.0,1.0,0.8726910299003322,0,1
0,58991252,7,,3,108000.0,1,11,-1,111,4,450006,158.11388300000002,3,1,0,0,0,0,0,0,0,0,35,11.666666666666666,140352.0,73618.8,63626.0,227700.0,0.0,1059.0,529.0,0.6163899868247694,0.0,1.0,2.20589067362399,0,1
0,58994510,7,1244.0,3,59000.0,2,11,5,79,3,60040,173.20508080000002,7,2,0,0,0,0,0,0,0,0,56,8.0,103120.8,49842.0,43840.0,42900.0,0.8571428571428571,1163.0,371.0,1.0434965034965036,0.0,1.0,2.3522080291970804,0,0
1,58985495,5,1314.5,3,177000.0,2,15,5,105,5,60059,1.0,8,1,8,1,0,0,125,125,9,1,99,12.375,30996.0,14850.0,80585.0,642400.0,0.5,3125.0,1092.0,0.02513387297633873,0.125,0.9166666666666666,0.3846373394552336,1,0
0,58997265,4,1386.5,3,296000.0,2,9,5,109,5,151300,223.6067977,5,1,0,0,0,0,0,0,0,0,97,19.4,24968.4,18355.2,105898.0,409200.0,0.4,1555.0,618.0,0.044853372434017595,0.0,1.0,0.23577782394379498,0,0
0,58995669,7,,3,35000.0,2,12,-1,86,3,650070,161.8548733,2,2,0,0,0,0,0,0,0,0,35,17.5,0.0,0.0,49000.0,0.0,1.0,1921.0,1269.0,,0.0,1.0,0.0,0,1
0,54992046,4,1257.5,1,91000.0,2,8,5,90,3,72000,1.0,2,1,0,0,0,0,0,0,0,0,11,5.5,14382.0,11551.2,10126.0,49500.0,0.5,517.0,268.0,0.23335757575757576,0.0,1.0,1.4203041674896306,0,0
0,59000764,4,1269.5,3,107000.0,1,8,9,81,3,60040,173.20508080000002,8,4,0,0,0,0,0,0,0,0,100,12.5,125253.59999999999,81679.2,89151.0,110000.0,0.75,1685.0,400.0,0.3666763636363636,0.0,1.0,1.404960123834842,0,0
0,58997788,4,1304.0,3,60000.0,2,8,2,95,5,60058,223.6067977,2,2,0,0,0,0,0,0,0,0,36,18.0,7330.8,7330.8,37000.0,0.0,1.0,2374.0,584.0,,0.0,1.0,0.19812972972972973,0,0
0,58996671,7,1283.0,3,90000.0,2,11,5,85,5,60000,1.0,5,3,0,0,0,0,0,0,0,0,53,10.6,534750.0,468048.0,364500.0,0.0,1.0,2375.0,537.0,,0.0,1.0,1.4670781893004115,0,0
0,59003535,4,,2,139000.0,2,8,5,111,3,60036,1.0,10,5,2,1,0,0,120,99,3,2,119,11.9,1190562.0,920650.8,800500.0,91300.0,0.8,1572.0,127.0,0.1257042716319825,0.2,0.9754098360655737,1.4872729544034977,1,1
1,54989200,4,,2,60000.0,2,8,9,100,5,151300,172.3223723,1,1,0,0,0,0,0,0,0,0,11,11.0,49263.6,49263.6,45263.0,0.0,1.0,631.0,631.0,,0.0,1.0,1.0883856571592692,0,1
1,58989344,7,1265.0,3,70000.0,2,11,-1,81,5,350704,316.22776600000003,15,6,19,6,0,0,578,219,25,7,248,16.533333333333335,187136706.0,163211958.0,180000500.0,286000.0,0.8666666666666667,4676.0,820.0,0.024356643356643358,0.4666666666666667,0.9084249084249084,1.039645478762559,1,0
0,54988214,7,1256.0,1,126000.0,2,11,9,102,3,350705,158.11388300000002,12,2,1,4,9,9,2211,2211,14,1,221,18.416666666666668,358683.6,125208.0,109500.0,484550.0,0.5833333333333334,3769.0,262.0,0.4818425343101847,0.08333333333333333,0.9404255319148936,3.275649315068493,1,0
0,58990663,7,1314.5,3,150000.0,2,11,10,113,4,60023,187.08286930000003,28,5,0,0,0,0,0,0,0,0,470,16.785714285714285,4642069.2,4624800.0,3864500.0,573100.0,0.75,4438.0,801.0,0.03030256499738266,0.0,1.0,1.201208228748868,0,0
0,59005290,4,1320.5,1,138000.0,2,8,9,108,3,60000,212.407627,9,2,0,0,0,0,0,0,0,0,104,11.555555555555555,61798.8,58614.0,44145.0,356952.2,0.3333333333333333,4076.0,403.0,0.00892220302886493,0.0,1.0,1.399904858987428,0,0
0,58982606,5,1377.5,3,96000.0,2,15,5,87,5,60044,207.3644135,3,2,0,0,0,0,0,0,0,0,51,17.0,2836.8,1594.8,58500.0,0.0,1.0,2034.0,472.0,,0.0,1.0,0.048492307692307696,0,0
0,58993672,7,1415.0,3,155000.0,2,11,5,107,3,60005,212.1320344,5,2,0,0,0,0,0,0,0,0,50,10.0,1475630.4000000001,1447359.6,1600500.0,91300.0,0.4,2246.0,5.0,0.3096473165388828,0.0,1.0,0.9219808809746955,0,0
0,58982803,5,1272.5,3,143000.0,2,15,5,114,4,72001,223.6067977,4,2,0,0,0,0,0,0,0,0,69,17.25,65791.20000000001,31525.2,100500.0,113300.0,0.75,1398.0,753.0,0.033426301853486315,0.0,1.0,0.6546388059701493,0,0
0,58998809,4,1278.5,3,186000.0,2,8,5,100,5,72000,173.20508080000002,3,2,1,2,0,0,125,125,3,1,59,19.666666666666668,70856.4,51757.2,111499.0,170500.0,0.6666666666666666,1562.0,720.0,0.3035612903225806,0.3333333333333333,0.9516129032258065,0.6354891075256279,1,0
1,58994301,7,1254.5,3,100000.0,2,11,5,84,5,151300,158.11388300000002,5,2,2,2,0,0,197,180,4,2,116,23.2,138516.0,84766.8,150500.0,82500.0,0.6,1724.0,534.0,0.4472145454545454,0.4,0.9666666666666667,0.9203720930232558,1,0
1,59002746,4,1239.5,3,90000.0,2,8,5,100,3,60019,173.20508080000002,3,2,0,0,0,0,0,0,0,0,49,16.333333333333332,120069.6,92343.6,100500.0,110000.0,0.6666666666666666,1010.0,612.0,0.18858545454545456,0.0,1.0,1.1947223880597015,0,0
0,58999985,7,1281.5,3,98000.0,2,11,9,114,4,60019,1.0,6,1,0,0,0,0,0,0,0,0,34,5.666666666666667,31041.6,20058.0,38809.0,173800.0,0.3333333333333333,1536.0,576.0,0.1442554660529344,0.0,1.0,0.7998557035739132,0,0
0,58997200,7,1376.0,1,150000.0,2,11,-1,110,4,60000,219.2487172,10,6,0,0,0,0,0,0,0,0,17,1.7,7375030.8,4437040.8,4225500.0,0.0,1.0,1976.0,2.0,,0.0,1.0,1.7453628682996094,0,0
0,54988052,7,1350.5,1,110000.0,2,11,-1,108,5,71000,1.0,6,3,0,0,0,0,0,0,0,0,115,19.166666666666668,1792802.4000000001,1327911.6,1035500.0,85800.0,0.8333333333333334,1773.0,475.0,0.9832167832167832,0.0,1.0,1.7313398358281025,0,0
0,59005852,4,1338.5,1,112000.0,2,8,5,90,3,330008,1.0,2,1,0,0,0,0,0,0,0,0,43,21.5,1890.0,1146.0,15897.0,63800.0,0.0,1910.0,386.0,0.02962382445141066,0.0,1.0,0.11889035667107001,0,0
0,58986215,5,1250.0,1,167000.0,2,15,-1,90,5,450080,141.4213562,3,2,0,0,0,0,0,0,0,0,28,9.333333333333334,19041.6,19041.6,90621.0,152900.0,0.6666666666666666,940.0,722.0,0.12453629823413995,0.0,1.0,0.2101234813122786,0,0
0,59002872,4,1307.0,1,133000.0,2,8,5,110,3,60043,1.0,6,1,0,0,0,0,0,0,0,0,81,13.5,192302.4,93597.6,116847.0,277200.0,0.6666666666666666,1785.0,571.0,0.6108398268398268,0.0,1.0,1.645762407250507,0,0
0,58995080,7,1235.0,1,75000.0,2,11,5,91,5,350092,200.0,7,3,4,0,0,0,19,16,4,2,90,12.857142857142858,49651.200000000004,33110.4,74374.0,118800.0,0.5714285714285714,2187.0,306.0,0.13923232323232326,0.2857142857142857,0.9574468085106383,0.6675881356387986,1,0
1,58983822,5,1308.5,3,30000.0,2,15,5,99,5,60062,1.0,8,3,0,0,0,0,0,0,0,0,95,11.875,6000.0,6000.0,278744.0,0.0,1.0,5646.0,1332.0,,0.0,1.0,0.02152512699824929,0,0
0,59003155,4,1340.0,3,116000.0,2,8,9,104,5,72000,1.0,4,2,0,0,0,0,0,0,0,0,51,12.75,175155.6,146394.0,118900.0,46200.0,0.75,2684.0,353.0,0.3990909090909091,0.0,1.0,1.4731337258200168,0,0
0,58999690,4,1214.0,3,81000.0,2,8,9,101,4,60040,1.0,2,1,0,0,0,0,0,0,0,0,21,10.5,65642.4,37208.4,36816.0,145200.0,0.0,1000.0,531.0,0.4520826446280991,0.0,1.0,1.782985658409387,0,0
0,58995904,7,1230.5,1,129000.0,2,11,5,88,3,60043,1.0,11,3,0,0,0,0,0,0,0,0,138,12.545454545454545,476748.0,294964.8,300500.0,244200.0,0.7272727272727273,1062.0,482.0,0.2797985257985258,0.0,1.0,1.5865158069883527,0,0
1,54990680,4,1241.0,3,60000.0,2,8,5,115,5,60036,1.0,3,2,0,0,0,0,0,0,0,0,17,5.666666666666667,374257.19999999995,321375.6,300500.0,44000.0,0.6666666666666666,531.0,315.0,1.0141363636363636,0.0,1.0,1.2454482529118134,0,0
0,58985627,5,,3,95000.0,2,15,-1,112,4,450006,173.20508080000002,3,1,0,0,0,0,0,0,0,0,70,23.333333333333332,75752.40000000001,74668.8,63912.0,137500.0,0.3333333333333333,1665.0,830.0,0.5430458181818182,0.0,1.0,1.1852609838527977,0,1
0,58990758,7,1284.5,3,106000.0,2,11,9,104,4,60036,1.0,2,1,0,0,0,0,0,0,0,0,41,20.5,39912.0,32592.0,57378.0,134200.0,0.5,1206.0,756.0,0.24286140089418778,0.0,1.0,0.695597615810938,0,0
0,59003223,4,1308.5,1,35000.0,2,8,5,103,5,151300,1.0,3,1,0,0,0,0,0,0,0,0,80,26.666666666666668,12082.8,6210.0,28049.0,40700.0,0.3333333333333333,1151.0,982.0,0.2625257985257985,0.0,1.0,0.4307747156761382,0,0
0,59003779,4,1227.5,3,62000.0,2,8,5,110,5,60069,1.0,3,1,1,2,0,0,143,143,3,1,90,30.0,142046.4,106210.8,116137.0,177100.0,0.3333333333333333,1402.0,1182.0,0.802068887634105,0.3333333333333333,0.967741935483871,1.2230934155351008,1,0
0,58987426,5,1277.0,1,142000.0,2,15,-1,111,4,450002,197.4841766,16,4,0,0,0,0,0,0,0,0,223,13.9375,260370.0,139546.8,185300.0,62700.0,0.875,1785.0,379.0,2.240937799043062,0.0,1.0,1.4051268213707502,0,0
0,58993764,7,1277.0,3,98000.0,2,11,5,92,5,60036,1.0,7,4,0,0,0,0,0,0,0,0,83,11.857142857142858,119864.4,63396.0,70500.0,64900.0,0.7142857142857143,3177.0,472.0,0.6791926040061633,0.0,1.0,1.7002042553191488,0,0
1,58984726,5,1347.5,3,150000.0,2,15,5,110,5,72000,538.5387637,23,3,10,2,1,1,390,220,13,5,370,16.08695652173913,11164365.600000001,6473725.2,7300500.0,60500.0,0.9565217391304348,5530.0,833.0,0.0,0.21739130434782608,0.9660574412532638,1.5292604068214508,1,0
0,58986751,5,,2,82000.0,2,15,5,106,5,60058,1.0,4,3,0,0,0,0,0,0,0,0,18,4.5,81439.2,60000.0,50500.0,0.0,1.0,664.0,65.0,,0.0,1.0,1.612657425742574,0,1
0,58993992,7,1266.5,3,89000.0,2,11,5,89,3,60091,1.0,2,1,0,0,0,0,0,0,0,0,6,3.0,18523.2,18000.0,37330.0,0.0,1.0,410.0,126.0,,0.0,1.0,0.4962014465577284,0,0
1,58987541,5,1268.0,3,91000.0,2,15,5,112,4,71008,1.0,3,1,0,0,0,0,0,0,0,0,46,15.333333333333334,90367.2,46047.6,47434.0,46200.0,0.6666666666666666,1245.0,390.0,0.9967012987012986,0.0,1.0,1.905114474849264,0,0
0,58984801,5,1265.0,1,90000.0,2,15,-1,110,5,450018,187.08286930000003,7,2,0,0,0,0,0,0,0,0,97,13.857142857142858,122127.6,59222.4,71760.0,140800.0,0.7142857142857143,1288.0,524.0,0.80653125,0.0,1.0,1.7018896321070236,0,0
0,58987142,5,1310.0,1,500000.0,2,15,5,103,5,452306,244.94897430000003,24,3,0,0,0,0,0,0,0,0,353,14.708333333333334,686830.8,278150.4,260298.0,1020800.0,0.5416666666666666,4852.0,265.0,0.4032037617554859,0.0,1.0,2.638632644123274,0,0
0,58990112,7,1290.5,1,99000.0,2,11,-1,110,5,450062,200.0,7,3,0,0,0,0,0,0,0,0,66,9.428571428571429,63888.0,47175.6,102648.0,118800.0,0.8571428571428571,1366.0,370.0,0.39710101010101007,0.0,1.0,0.6223988777180266,0,0
0,58987511,5,1272.5,3,97000.0,2,15,8,105,5,72000,1.0,3,1,0,0,0,0,0,0,0,0,43,14.333333333333334,47149.2,29017.2,37951.0,85800.0,0.3333333333333333,1056.0,433.0,0.21132867132867134,0.0,1.0,1.2423704250217384,0,0
0,58983291,5,1304.0,3,390000.0,2,15,5,91,5,60050,1.0,4,2,2,0,0,0,12,11,2,2,98,24.5,235111.19999999998,206322.0,450500.0,162800.0,0.75,1989.0,660.0,0.017963144963144963,0.5,0.98,0.5218894561598224,1,0
0,59004230,4,1277.0,3,100000.0,2,8,5,100,5,60000,223.6067977,7,4,0,0,0,0,0,0,0,0,44,6.285714285714286,27046.8,18000.0,100500.0,55000.0,0.8571428571428571,3975.0,267.0,0.1644872727272727,0.0,1.0,0.2691223880597015,0,0
0,59005708,4,1356.5,1,148000.0,2,8,5,83,3,60001,1.0,13,7,1,2,2,2,426,426,5,1,245,18.846153846153847,663958.8,513638.4,713500.0,55000.0,0.9230769230769231,3262.0,123.0,0.0,0.07692307692307693,0.98,0.9305659425367905,1,0
1,58993847,7,1262.0,3,172000.0,2,11,9,112,4,72000,262.11066370000003,5,2,5,6,12,9,2335,1662,23,3,45,9.0,576427.2000000001,574748.4,507500.0,0.0,1.0,1317.0,338.0,,0.6,0.6617647058823529,1.135817142857143,1,0
0,58991194,7,1247.0,3,71000.0,1,11,9,95,4,60026,200.7560709,3,1,1,0,0,0,1,1,1,1,38,12.666666666666666,26947.2,26947.2,25525.0,248600.0,0.3333333333333333,1350.0,542.0,0.10839581657280772,0.3333333333333333,0.9743589743589743,1.0557179236043095,1,0
0,58993040,7,1235.0,3,89000.0,2,11,5,115,5,60065,1.0,8,2,0,0,0,0,0,0,0,0,187,23.375,419395.2,117384.0,150500.0,210100.0,0.5,2489.0,460.0,0.9820237981913376,0.0,1.0,2.786679069767442,0,0
0,59002016,4,1196.0,3,65000.0,2,8,-1,108,4,72001,1.0,4,1,5,0,0,0,75,75,5,1,75,18.75,102861.6,70146.0,113209.0,196900.0,0.5,1494.0,217.0,0.5139400711020823,0.25,0.9375,0.9085991396443747,1,0
1,58982721,5,1269.5,3,86000.0,2,15,9,89,5,60019,1.0,3,2,0,0,0,0,0,0,0,0,77,25.666666666666668,105700.79999999999,46681.2,81500.0,57200.0,0.6666666666666666,1513.0,733.0,0.816104895104895,0.0,1.0,1.2969423312883435,0,0
0,54983915,5,1256.0,3,110000.0,2,15,9,107,5,60018,1.0,3,1,0,0,0,0,0,0,0,0,32,10.666666666666666,21004.800000000003,20822.4,98251.0,47300.0,0.6666666666666666,1082.0,410.0,0.003957716701902748,0.0,1.0,0.2137871370265952,0,0
0,58995594,7,1254.5,3,97000.0,2,11,5,83,3,60017,282.8427125,23,5,0,0,0,0,0,0,0,0,296,12.869565217391305,2945613.6,1430811.6,1207032.0,378400.0,0.9130434782608695,3302.0,217.0,0.9068562367864692,0.0,1.0,2.44037738850337,0,0
0,58984646,5,1239.5,3,78000.0,2,15,5,112,4,450015,214.4761059,2,1,0,0,0,0,0,0,0,0,50,25.0,806.4,1234.8,79347.0,137500.0,0.0,1639.0,844.0,0.005864727272727272,0.0,1.0,0.010162955121176603,0,0
0,54986089,7,1241.0,3,63000.0,2,11,5,107,5,72000,1.0,1,1,0,0,0,0,0,0,0,0,13,13.0,46183.2,46183.2,67700.0,0.0,1.0,848.0,848.0,,0.0,1.0,0.6821742983751846,0,0
0,54992154,4,1341.5,1,91000.0,1,8,5,100,4,151300,173.6605885,3,2,0,0,0,0,0,0,0,0,84,28.0,106617.6,69741.6,150500.0,33000.0,0.6666666666666666,1715.0,686.0,1.1174545454545455,0.0,1.0,0.7084225913621263,0,0
0,59002314,4,1317.5,3,293000.0,2,8,5,100,5,60018,1.0,13,2,0,0,0,0,0,0,0,0,211,16.23076923076923,42225.6,21412.8,400500.0,480700.0,0.6923076923076923,5298.0,507.0,0.08156355315165384,0.0,1.0,0.10543220973782771,0,0
1,54982549,5,1326.5,3,30000.0,2,15,5,110,5,60005,1.0,10,5,6,2,0,0,330,330,8,1,211,21.1,4100604.0,3358315.2,3000500.0,0.0,1.0,3231.0,537.0,,0.1,0.9634703196347032,1.3666402266288953,1,0
0,58984702,5,1310.0,3,325000.0,2,15,5,83,3,71000,1.0,9,4,0,0,0,0,0,0,0,0,179,19.88888888888889,2711523.6,2361511.2,2000500.0,538450.0,0.6666666666666666,3192.0,450.0,0.36505673693007706,0.0,1.0,1.355422944263934,0,0
0,54983466,5,1274.0,3,127000.0,2,15,9,113,4,72001,212.1320344,8,4,0,0,0,0,0,0,0,0,103,12.875,229419.6,219072.0,207500.0,556600.0,0.5,1644.0,457.0,0.007172835070068272,0.0,1.0,1.1056366265060242,0,0
1,54984241,5,,2,30000.0,2,15,5,104,3,72002,207.3644135,3,2,5,7,17,11,3014,1904,29,2,24,8.0,68474.4,68474.4,59500.0,0.0,1.0,1373.0,325.0,,0.6666666666666666,0.4528301886792453,1.1508302521008402,1,1
0,54985473,7,1317.5,3,150000.0,2,11,5,112,5,450042,345.7947368,5,2,0,0,0,0,0,0,0,0,52,10.4,3512308.8,1735357.2,1500500.0,283800.0,0.8,1730.0,428.0,0.01223678646934461,0.0,1.0,2.340758947017661,0,0
0,54985977,7,1346.0,1,112000.0,2,11,5,85,5,60064,200.0,6,3,1,2,1,1,300,300,4,1,59,9.833333333333334,7117.2,7118.4,132674.0,0.0,1.0,4248.0,1274.0,,0.16666666666666666,0.9365079365079365,0.0536442709196979,1,0
0,58988021,5,1277.0,1,101000.0,2,15,5,111,4,60091,1.0,2,1,0,0,0,0,0,0,0,0,20,10.0,10251.6,7855.2,18612.0,102300.0,0.5,672.0,391.0,0.07678592375366569,0.0,1.0,0.5508059316569955,0,0
0,58999931,4,1338.5,3,165000.0,2,8,5,111,5,151300,288.09720580000004,2,1,0,0,0,0,0,0,0,0,72,36.0,-2710.8,2161.2,44411.0,22000.0,0.5,1966.0,1917.0,-0.22145454545454546,0.0,1.0,-0.06103893179617663,0,0
0,58992868,7,1316.0,1,117000.0,2,11,-1,110,5,361013,1.0,4,3,0,0,0,0,0,0,0,0,28,7.0,75175.2,68930.4,300500.0,68200.0,0.75,1569.0,186.0,0.09156598240469209,0.0,1.0,0.25016705490848584,0,0
0,59001343,4,1272.5,3,170000.0,2,8,5,110,4,60019,1.0,4,1,0,0,0,0,0,0,0,0,74,18.5,7156.8,7158.0,32437.0,174900.0,0.5,1134.0,401.0,0.040926243567753,0.0,1.0,0.22063692696611895,0,0
0,58987886,5,1269.5,1,175000.0,2,15,5,110,5,350057,173.20508080000002,30,8,1,0,0,0,1,1,1,1,413,13.766666666666667,1490188.8,1332078.0,1239655.0,755700.0,0.8,3560.0,234.0,0.00462882096069869,0.03333333333333333,0.9975845410628019,1.2020996164255378,1,0
0,58999555,4,1283.0,3,94000.0,2,8,9,64,5,60017,1.0,10,4,1,0,0,0,9,9,1,1,187,18.7,1167894.0,1084262.4,1500500.0,221100.0,0.8,4913.0,476.0,0.11213568521031209,0.1,0.9946808510638298,0.7783365544818394,1,0
0,54987199,7,1329.5,1,150000.0,2,11,-1,86,5,60036,1.0,11,3,0,0,0,0,0,0,0,0,84,7.636363636363637,9754678.799999999,9619698.0,8138500.0,324500.0,0.8181818181818182,1256.0,318.0,0.27837411402157164,0.0,1.0,1.1985843582969833,0,0
0,58994324,7,1266.5,3,130000.0,2,11,9,100,5,60005,173.20508080000002,3,2,0,0,0,0,0,0,0,0,26,8.666666666666666,582416.4,520804.8,516938.0,154000.0,0.3333333333333333,553.0,393.0,0.4000753246753247,0.0,1.0,1.1266658670865752,0,0
0,58987097,5,1248.5,3,98000.0,2,15,5,110,4,550003,178.8854382,14,2,0,0,0,0,0,0,0,0,264,18.857142857142858,257425.2,119202.0,150500.0,511500.0,0.5,1724.0,321.0,0.2217407624633431,0.0,1.0,1.7104664451827243,0,0
0,58991130,7,1340.0,3,341000.0,2,11,5,112,5,72001,1.0,9,2,0,0,0,0,0,0,0,0,197,21.88888888888889,75184.8,62080.8,180500.0,102300.0,0.8888888888888888,3540.0,513.0,0.006580645161290323,0.0,1.0,0.4165362880886427,0,0
1,58982795,5,1292.0,3,119000.0,2,15,9,107,4,72001,187.08286930000003,3,2,0,0,0,0,0,0,0,0,19,6.333333333333333,25633.199999999997,14476.8,69887.0,168300.0,0.6666666666666666,1717.0,394.0,0.06628877005347593,0.0,1.0,0.36678066020862243,0,0
0,58994149,7,1266.5,3,120000.0,1,11,9,110,3,60029,316.22776600000003,17,4,13,11,102,34,37259,14350,126,8,214,12.588235294117647,391507.2,259080.0,438110.0,283250.0,0.7647058823529411,3980.0,360.0,0.0,0.47058823529411764,0.6294117647058823,0.8936276277647166,1,0
1,54982721,5,,2,90000.0,2,15,5,92,5,72014,1.0,10,6,2,1,43,34,33497,30600,46,2,109,10.9,498434.39999999997,448704.0,355500.0,79200.0,0.9,4503.0,479.0,0.5296212121212122,0.2,0.7032258064516129,1.40206582278481,1,1
0,59004716,4,1268.0,1,104000.0,2,8,9,95,5,60027,1.0,7,3,0,0,0,0,0,0,0,0,88,12.571428571428571,149646.0,103191.6,98670.0,150700.0,0.7142857142857143,1421.0,392.0,0.6847485069674851,0.0,1.0,1.5166311948920645,0,0
1,54988411,7,1242.5,3,56000.0,2,11,5,113,4,151300,1.0,2,2,0,0,0,0,0,0,0,0,13,6.5,79580.4,63936.0,74951.0,0.0,1.0,475.0,323.0,,0.0,1.0,1.0617656869154513,0,0
1,58993621,7,1272.5,3,80000.0,2,11,9,86,4,60043,1.0,3,3,0,0,0,0,0,0,0,0,29,9.666666666666666,-4999.200000000001,8638.8,28393.0,0.0,1.0,3742.0,350.0,,0.0,1.0,-0.1760715669355123,0,0
0,59003358,4,,2,57000.0,2,8,-1,100,3,72000,194.1829035,3,2,0,0,0,0,0,0,0,0,28,9.333333333333334,629894.3999999999,534345.6,500500.0,49500.0,0.6666666666666666,613.0,219.0,0.6752969696969696,0.0,1.0,1.2585302697302696,0,1
0,58991973,7,1298.0,1,71000.0,2,11,-1,113,4,72000,1.0,4,3,1,0,0,0,26,26,1,1,83,20.75,52819.2,52819.2,150500.0,57200.0,0.75,1452.0,1087.0,0.9234125874125874,0.25,0.9880952380952381,0.3509581395348837,1,0
0,59002553,4,1298.0,3,101000.0,2,8,9,105,3,60052,212.1320344,4,3,0,0,0,0,0,0,0,0,82,20.5,357696.0,301581.6,350500.0,0.0,1.0,3370.0,599.0,,0.0,1.0,1.020530670470756,0,0
0,58997580,4,,2,126000.0,2,8,-1,109,5,330012,1.0,4,2,0,0,0,0,0,0,0,0,32,8.0,582678.0,480160.8,425500.0,243100.0,0.5,793.0,389.0,0.42170793911970383,0.0,1.0,1.3693960047003526,0,1
0,58995727,7,1214.0,3,58000.0,2,11,5,112,4,71006,1.0,3,2,1,0,0,0,1,1,1,1,23,7.666666666666667,47311.2,28812.0,50500.0,84150.0,0.3333333333333333,1826.0,392.0,0.5622245989304813,0.3333333333333333,0.9583333333333334,0.9368554455445544,1,0
1,59001882,7,1355.0,3,94000.0,2,11,5,114,4,510044,216.3816074,2,2,0,0,0,0,0,0,0,0,12,6.0,36861.6,36861.6,200500.0,0.0,1.0,2456.0,600.0,,0.0,1.0,0.18384837905236906,0,0
1,58995389,7,1289.0,1,107000.0,2,11,5,102,3,151300,1.0,1,1,0,0,0,0,0,0,0,0,4,4.0,386210.4,386210.4,350500.0,0.0,1.0,387.0,387.0,,0.0,1.0,1.1018841654778888,0,0
0,54988373,7,1295.0,1,116000.0,2,11,9,108,4,151300,1.0,1,1,0,0,0,0,0,0,0,0,11,11.0,6195.6,6195.6,7054.0,66000.0,0.0,566.0,566.0,0.09387272727272727,0.0,1.0,0.8783101786220585,0,0
0,58991722,7,1308.5,3,143000.0,2,11,5,100,3,151009,173.20508080000002,6,3,0,0,0,0,0,0,0,0,61,10.166666666666666,33175.2,32205.6,42082.0,239800.0,0.3333333333333333,1344.0,535.0,0.13834528773978313,0.0,1.0,0.788346561475215,0,0
0,58990958,7,,2,53000.0,2,11,5,105,4,151307,186.2229846,17,2,1,3,1,1,352,300,5,2,328,19.294117647058822,1094676.0,737126.4,650500.0,51700.0,0.9411764705882353,4313.0,367.0,0.0,0.11764705882352941,0.984984984984985,1.6828224442736357,1,1
1,54985687,7,1188.5,3,90000.0,2,11,5,98,5,60017,1.0,4,3,1,0,0,0,22,22,1,1,46,11.5,89686.8,71851.2,120500.0,0.0,1.0,2254.0,677.0,,0.25,0.9787234042553191,0.744288796680498,1,0
0,59000104,4,1290.5,1,118000.0,1,8,5,100,5,60023,141.4213562,4,2,0,0,0,0,0,0,0,0,72,18.0,38331.6,29314.8,41000.0,110000.0,0.75,1878.0,526.0,0.2664981818181818,0.0,1.0,0.9349170731707317,0,0
1,58986809,5,1305.5,3,35000.0,2,15,9,115,4,72000,1.0,1,1,0,0,0,0,0,0,0,0,13,13.0,4089.6,4089.6,26480.0,0.0,1.0,633.0,633.0,,0.0,1.0,0.15444108761329306,0,0
0,58993548,7,1230.5,3,114000.0,2,11,5,112,4,72000,254.9509757,7,3,0,0,0,0,0,0,0,0,84,12.0,824243.9999999999,642751.2,600500.0,145200.0,0.5714285714285714,1870.0,478.0,0.8543305785123967,0.0,1.0,1.372596169858451,0,0
0,54986879,7,,2,179000.0,2,11,5,113,4,450002,267.58176319999995,7,2,0,0,0,0,0,0,0,0,37,5.285714285714286,25860.0,14160.0,189000.0,0.0,1.0,1065.0,444.0,,0.0,1.0,0.13682539682539682,0,1
0,54983822,5,,3,94000.0,2,15,5,113,4,60057,193.6362569,5,2,1,0,0,0,1,1,1,1,110,22.0,12253.199999999999,12266.4,49318.0,57200.0,0.8,2230.0,1085.0,-0.00023076923076923076,0.2,0.990990990990991,0.24845289752220281,1,1
0,59004621,4,1287.5,3,110000.0,2,8,9,80,5,151300,1.0,2,2,0,0,0,0,0,0,0,0,13,6.5,32520.0,28812.0,40500.0,132000.0,0.5,520.0,337.0,0.02809090909090909,0.0,1.0,0.802962962962963,0,0
0,54990474,4,1290.5,1,103000.0,2,8,9,112,4,60084,176.0681686,3,1,0,0,0,0,0,0,0,0,73,24.333333333333332,2790.0,1788.0,16981.0,121000.0,0.3333333333333333,1697.0,1409.0,0.00828099173553719,0.0,1.0,0.1643012778988281,0,0
1,58985009,5,1367.0,3,167000.0,2,15,5,95,5,60021,244.94897430000003,3,2,1,0,0,0,30,30,1,1,78,26.0,1040997.6,971985.6,2000500.0,127600.0,0.6666666666666666,1735.0,779.0,0.0,0.3333333333333333,0.9873417721518988,0.5203687078230442,1,0
0,58993402,7,1419.5,1,89000.0,2,11,5,110,3,350060,337.106808,11,4,1,3,0,0,270,270,4,1,171,15.545454545454545,3860343.6,3840243.6,4048500.0,133100.0,0.8181818181818182,4317.0,1212.0,0.0,0.09090909090909091,0.9771428571428571,0.9535244164505372,1,0
0,58982806,5,1307.0,3,91000.0,2,15,5,110,5,60023,200.0,8,3,0,0,35,35,5250,5250,35,1,68,8.5,578962.8,574522.8,509500.0,77000.0,0.875,2817.0,471.0,0.0,0.125,0.6601941747572816,1.1363352306182533,1,0
1,58982754,5,1322.0,3,195000.0,2,15,5,90,3,60033,240.8318916,17,5,11,3,2,2,695,360,16,6,317,18.647058823529413,232027.19999999998,129799.2,238500.0,336600.0,0.7647058823529411,5071.0,1974.0,0.2792620320855615,0.35294117647058826,0.9519519519519519,0.9728603773584905,1,0
0,58986146,5,1250.0,3,93000.0,2,15,7,111,5,350062,244.94897430000003,4,4,0,0,0,0,0,0,0,0,22,5.5,409225.19999999995,229862.4,200500.0,0.0,1.0,641.0,566.0,,0.0,1.0,2.0410234413965087,0,0
0,59001898,4,1179.5,3,56000.0,2,8,5,99,3,72000,234.520788,3,1,1,0,0,0,11,11,1,1,48,16.0,28236.0,26764.8,53710.0,108900.0,0.3333333333333333,915.0,363.0,0.013509641873278237,0.3333333333333333,0.9795918367346939,0.5257121578849376,1,0
0,59004966,4,,2,39000.0,2,8,5,113,4,72015,172.4731863,2,2,0,0,0,0,0,0,0,0,11,5.5,134656.80000000002,114435.6,100500.0,0.0,1.0,508.0,290.0,,0.0,1.0,1.3398686567164182,0,1
0,58987077,5,1269.5,1,77000.0,1,15,-1,84,5,450000,167.33200530000002,11,3,9,0,0,0,103,65,9,2,141,12.818181818181818,99031.2,39296.4,70695.0,110000.0,0.7272727272727273,3180.0,187.0,0.5430545454545455,0.18181818181818182,0.94,1.400823254827074,1,0
0,59004141,4,1316.0,1,127000.0,2,8,-1,95,5,330013,1.0,11,3,0,0,0,0,0,0,0,0,207,18.818181818181817,69699.59999999999,31287.6,56925.0,196900.0,0.5454545454545454,3655.0,245.0,0.16275876079228035,0.0,1.0,1.2244110671936757,0,0
0,58992060,7,1272.5,1,229000.0,2,11,-1,112,3,450000,173.20508080000002,6,2,0,0,0,0,0,0,0,0,134,22.333333333333332,1116987.6,463195.2,710500.0,306900.0,0.6666666666666666,1336.0,569.0,1.0093216031280547,0.0,1.0,1.5721148486981,0,0
1,58990934,7,1262.0,3,151000.0,2,11,5,114,4,510102,251.968252,15,3,28,27,115,35,70510,30600,170,9,128,8.533333333333333,195663.6,104979.6,134379.0,0.0,1.0,4025.0,388.0,,0.6,0.42953020134228187,1.4560578661844485,1,0
0,58983730,5,1443.5,3,155000.0,1,15,5,104,5,60000,254.9509757,5,3,0,0,0,0,0,0,0,0,74,14.8,344006.4,332767.2,600500.0,110000.0,0.8,6182.0,1962.0,0.10217454545454546,0.0,1.0,0.5728666111573689,0,0
0,58988129,5,1187.0,3,102000.0,2,15,5,113,4,450081,197.4841766,7,1,1,0,0,0,15,15,1,1,162,23.142857142857142,157599.6,69682.8,62061.0,309650.0,0.2857142857142857,1792.0,573.0,0.24687098336831909,0.14285714285714285,0.9938650306748467,2.5394305602552327,1,0
0,59000510,4,1338.5,1,107000.0,2,8,9,82,5,151300,1.0,31,6,0,0,0,0,0,0,0,0,532,17.161290322580644,2921011.2,2439126.0,2416692.0,1555950.0,0.5483870967741935,3844.0,555.0,0.030240817506989297,0.0,1.0,1.2086816193375076,0,0
0,59000066,4,,2,259000.0,1,8,5,110,4,72000,200.0,7,3,0,0,0,0,0,0,0,0,146,20.857142857142858,43690.8,14161.2,100500.0,516450.0,0.5714285714285714,1972.0,580.0,0.05178274760383386,0.0,1.0,0.43473432835820897,0,1
0,58984937,5,1296.5,1,130000.0,2,15,-1,86,4,60018,158.11388300000002,5,2,0,0,0,0,0,0,0,0,79,15.8,146138.4,140462.4,210500.0,16500.0,0.8,1336.0,365.0,0.07425454545454546,0.0,1.0,0.6942441805225653,0,0
1,58996558,7,1355.0,1,160000.0,2,11,5,84,3,151304,173.20508080000002,6,2,0,0,0,0,0,0,0,0,95,15.833333333333334,1001218.8,934784.4,850500.0,135300.0,0.8333333333333334,2012.0,542.0,0.48243015521064303,0.0,1.0,1.1772119929453264,0,0
0,59003949,4,1253.0,1,468000.0,2,8,5,81,5,60016,204.9390153,9,5,4,4,0,0,390,390,8,1,107,11.88888888888889,226052.4,205106.4,315500.0,253000.0,0.7777777777777778,3864.0,379.0,0.005340711462450592,0.1111111111111111,0.9304347826086956,0.7164893819334389,1,0
0,58991249,7,1296.5,3,138000.0,1,11,5,100,5,60027,158.11388300000002,3,1,0,0,0,0,0,0,0,0,46,15.333333333333334,27117.6,13824.0,43032.0,171600.0,0.3333333333333333,788.0,434.0,0.10772727272727273,0.0,1.0,0.6301728945900724,0,0
0,54988614,7,,2,106000.0,2,11,-1,90,5,60033,1.0,6,4,0,11,4,4,1179,1179,15,1,72,12.0,422470.80000000005,387290.4,402500.0,0.0,1.0,2546.0,424.0,,0.16666666666666666,0.8275862068965517,1.049616894409938,1,1
1,59003162,4,,2,50000.0,2,8,5,87,5,60033,167.934511,6,2,12,8,12,7,2677,1288,32,4,124,20.666666666666668,19728.0,18796.8,215534.0,88000.0,0.8333333333333334,2802.0,1031.0,0.0,0.6666666666666666,0.7948717948717948,0.09153080256479257,1,1
1,58987961,5,1302.5,1,177000.0,2,15,9,80,3,371200,158.11388300000002,4,4,3,1,0,0,56,56,4,1,44,11.0,2722869.6,2571074.4,2687252.0,0.0,1.0,1666.0,279.0,,0.25,0.9166666666666666,1.0132542835580736,1,0
0,54989304,4,1238.0,3,125000.0,2,8,9,85,5,60002,1.0,18,3,1,0,0,0,29,29,1,1,297,16.5,2376266.4,2139273.6,3000500.0,553300.0,0.7777777777777778,3903.0,489.0,0.09634700885595517,0.05555555555555555,0.9966442953020134,0.7919568071988001,1,0
0,58983307,5,1214.0,3,56000.0,2,15,5,101,5,60064,192.1639925,2,1,0,0,0,0,0,0,0,0,28,14.0,86144.4,86154.0,79453.0,0.0,1.0,765.0,674.0,,0.0,1.0,1.0842183429197134,0,0
0,54989018,4,,2,45000.0,2,8,5,85,4,151307,172.1307642,3,2,0,0,0,0,0,0,0,0,30,10.0,36436.8,33916.8,48897.0,114400.0,0.6666666666666666,809.0,599.0,0.2964755244755245,0.0,1.0,0.7451745505859255,0,1
1,58989056,7,1290.5,3,113000.0,2,11,5,109,5,60091,204.9390153,5,3,0,0,0,0,0,0,0,0,70,14.0,537890.4,287280.0,230500.0,200200.0,0.6,1319.0,432.0,0.5115044955044955,0.0,1.0,2.333580911062907,0,0
0,58991324,7,1245.5,3,58000.0,2,11,5,101,5,60058,200.0,7,3,1,2,0,0,151,151,3,1,45,6.428571428571429,178004.4,118800.0,99500.0,71500.0,0.7142857142857143,1026.0,4.0,0.15020979020979022,0.14285714285714285,0.9375,1.788988944723618,1,0
0,58982668,5,1316.0,3,500000.0,2,15,5,104,5,72000,316.22776600000003,13,1,0,0,0,0,0,0,0,0,117,9.0,32014.8,23055.6,167500.0,1460800.0,0.3076923076923077,4290.0,507.0,0.00606078860898138,0.0,1.0,0.1911331343283582,0,0
0,59002933,4,,2,97000.0,2,8,5,110,4,72001,196.3644571,3,1,0,0,0,0,0,0,0,0,30,10.0,35286.0,35286.0,35270.0,27500.0,0.6666666666666666,1288.0,351.0,0.0,0.0,1.0,1.0004536433229374,0,1
0,54985624,7,1332.5,3,98000.0,2,11,5,107,5,60033,262.12783140000005,2,2,1,1,0,0,63,63,2,1,38,19.0,1853347.2,1853347.2,1600500.0,0.0,1.0,2676.0,708.0,,0.5,0.95,1.1579801312089972,1,0
0,58991302,7,1290.5,1,108000.0,1,11,5,95,5,60064,1.0,12,5,0,0,0,0,0,0,0,0,177,14.75,2230987.2,1582201.2,2400500.0,331100.0,0.8333333333333334,1836.0,296.0,0.3609966777408638,0.0,1.0,0.9293843782545304,0,0
0,58988871,7,1259.0,3,147000.0,2,11,9,110,5,350029,421.0700654,12,5,11,1,1,1,499,204,13,4,130,10.833333333333334,259321.2,239103.6,306938.0,64900.0,0.9166666666666666,3674.0,654.0,0.0,0.3333333333333333,0.9090909090909091,0.8448650867601927,1,0
1,59000336,4,,2,446000.0,2,8,-1,90,5,60014,1.0,2,2,0,0,0,0,0,0,0,0,39,19.5,68660.4,68660.4,75500.0,0.0,1.0,2892.0,2520.0,,0.0,1.0,0.9094092715231787,0,1
0,58998876,4,1245.5,3,87000.0,2,8,5,112,5,60033,222.1328431,20,7,24,10,2,2,1110,685,36,4,257,12.85,1195393.2,707304.0,800500.0,154000.0,0.9,6748.0,402.0,0.9686181818181819,0.2,0.8771331058020477,1.4933081823860086,1,0
0,58983272,5,1296.5,3,148000.0,2,15,5,100,4,60023,187.08286930000003,4,1,0,0,0,0,0,0,0,0,39,9.75,7021.200000000001,5956.8,38089.0,115500.0,0.75,1227.0,363.0,0.051574025974025973,0.0,1.0,0.18433668513219043,0,0
0,58991823,7,,2,75000.0,2,11,9,111,4,151009,173.20508080000002,2,2,0,0,0,0,0,0,0,0,12,6.0,482610.0,466297.2,399290.0,0.0,1.0,525.0,388.0,,0.0,1.0,1.2086703899421474,0,1
0,58997994,4,1349.0,3,139000.0,2,8,5,109,5,151304,212.1320344,5,2,0,0,0,0,0,0,0,0,79,15.8,830293.2000000001,774418.8,700500.0,128700.0,0.4,2091.0,688.0,0.43414452214452215,0.0,1.0,1.1852865096359744,0,0
0,58989132,7,1319.0,3,88000.0,2,11,5,114,4,151300,228.4513077,5,2,0,0,0,0,0,0,0,0,56,11.2,538852.8,351596.4,300500.0,102300.0,0.8,1654.0,414.0,0.41365395894428153,0.0,1.0,1.793187354409318,0,0
0,54984671,5,1301.0,1,114000.0,2,15,5,106,3,351106,187.08286930000003,6,2,0,0,0,0,0,0,0,0,115,19.166666666666668,124161.6,102772.8,231788.0,88000.0,0.6666666666666666,1997.0,410.0,1.1678727272727274,0.0,1.0,0.5356688008007318,0,0
1,59005571,4,1241.0,3,60000.0,2,8,5,107,3,151300,187.08286930000003,3,2,0,0,0,0,0,0,0,0,16,5.333333333333333,264753.6,242685.6,229750.0,70400.0,0.6666666666666666,364.0,95.0,0.10343181818181818,0.0,1.0,1.1523551686615885,0,0
0,58993796,7,1397.0,1,131000.0,2,11,5,95,5,60001,1.0,10,2,4,1,0,0,102,42,5,3,231,23.1,675946.8,521348.4,500500.0,0.0,1.0,7458.0,630.0,,0.3,0.9788135593220338,1.350543056943057,1,0
0,54983353,5,1224.5,3,56000.0,2,15,5,113,4,151307,1.0,5,3,0,0,0,0,0,0,0,0,82,16.4,128821.20000000001,71703.6,64500.0,57200.0,0.8,1761.0,365.0,0.5441748251748252,0.0,1.0,1.9972279069767445,0,0
1,54987489,7,1307.0,1,182000.0,2,11,-1,101,5,350052,200.0,11,2,13,0,0,0,210,105,13,3,233,21.181818181818183,252820.8,166977.6,212500.0,89100.0,0.7272727272727273,3194.0,32.0,-0.010734006734006735,0.2727272727272727,0.9471544715447154,1.1897449411764704,1,0
0,54988427,7,1236.5,1,150000.0,2,11,9,110,4,450000,212.1320344,13,5,0,0,0,0,0,0,0,0,195,15.0,428860.8,109561.2,160500.0,234300.0,0.7692307692307693,1517.0,158.0,0.5835134443021768,0.0,1.0,2.672029906542056,0,0
1,59000077,4,1305.5,3,128000.0,2,8,5,114,4,72000,291.1889421,13,4,3,4,8,8,1899,1793,15,3,212,16.307692307692307,2871450.0,1764740.4,2788500.0,255200.0,0.6923076923076923,3245.0,349.0,0.01778369905956113,0.23076923076923078,0.933920704845815,1.0297471759010222,1,0
0,59004521,4,1305.5,1,117000.0,2,8,5,112,5,60029,1.0,5,3,0,0,0,0,0,0,0,0,40,8.0,148620.0,145586.4,180500.0,33000.0,0.8,849.0,400.0,0.06901818181818181,0.0,1.0,0.8233795013850416,0,0
1,54990604,4,1238.0,3,75000.0,2,8,5,104,4,72001,1.0,10,3,6,1,0,0,141,113,7,2,136,13.6,15674.4,11571.6,594500.0,181500.0,0.7,2795.0,263.0,0.02260495867768595,0.2,0.951048951048951,0.026365685449957946,1,0
0,54984913,5,1229.0,3,50000.0,2,15,9,110,5,450071,200.0,18,6,1,0,5,5,1221,1206,6,2,264,14.666666666666666,1789489.2,1071172.8,900500.0,407000.0,0.7222222222222222,3725.0,187.0,0.402029484029484,0.1111111111111111,0.9777777777777777,1.9872173237090505,1,0
0,58984889,5,1305.5,3,130000.0,2,15,5,100,5,60016,1.0,2,1,0,0,0,0,0,0,0,0,39,19.5,111727.2,111727.2,100479.0,114400.0,0.5,1455.0,442.0,0.9766363636363636,0.0,1.0,1.1119457797151644,0,0
1,58991158,7,1205.0,3,77000.0,2,11,-1,85,5,151300,273.86127880000004,13,4,6,4,5,5,1217,1100,15,3,168,12.923076923076923,393206.4,89960.4,243748.0,272800.0,0.6153846153846154,3437.0,35.0,0.7525381231671554,0.23076923076923078,0.9180327868852459,1.6131676977862384,1,0
0,58985548,5,1266.5,3,82000.0,2,15,9,114,1,60047,200.0,4,4,0,0,0,0,0,0,0,0,32,8.0,148675.2,117525.6,100500.0,0.0,1.0,997.0,567.0,,0.0,1.0,1.4793552238805971,0,0
1,54982387,2,1349.0,1,286000.0,2,3,-1,80,3,361003,1.0,11,3,3,0,0,0,12,11,3,2,246,22.363636363636363,1292006.4,917833.2,1200500.0,437800.0,0.6363636363636364,4829.0,733.0,0.0558337140246688,0.18181818181818182,0.9879518072289156,1.076223573511037,1,0
0,58989891,7,,2,63000.0,2,11,5,84,5,60019,158.11388300000002,10,3,3,1,36,33,28389,27890,40,3,62,6.2,25186.8,20934.0,70500.0,0.0,1.0,3191.0,366.0,,0.3,0.6078431372549019,0.3572595744680851,1,1
0,54988581,7,1247.0,3,66000.0,2,11,-1,109,5,60041,1.0,2,2,0,0,0,0,0,0,0,0,10,5.0,33946.8,33946.8,28789.0,66000.0,0.5,572.0,277.0,0.5143454545454546,0.0,1.0,1.1791587064503803,0,0
0,54987763,7,1232.0,1,96000.0,2,11,9,88,5,151300,233.520877,10,1,1,1,0,0,69,69,2,1,143,14.3,62964.0,27585.6,65941.0,559900.0,0.4,1145.0,3.0,0.08453580996606537,0.1,0.9862068965517241,0.9548535812317072,1,0
0,54985320,7,1367.0,1,80000.0,2,12,-1,112,5,60000,245.58501580000004,5,3,0,5,17,17,5589,5589,22,1,91,18.2,3289948.8,3192588.0,2760500.0,178200.0,0.8,2823.0,628.0,0.0,0.2,0.8053097345132744,1.1917945299764534,1,0
0,59005275,4,1298.0,1,165000.0,2,8,9,90,3,72000,234.4504212,8,5,0,0,0,0,0,0,0,0,81,10.125,437515.2,312920.4,325500.0,0.0,1.0,1073.0,328.0,,0.0,1.0,1.3441327188940093,0,0
1,58987220,5,1259.0,3,94000.0,2,15,9,105,3,350063,200.0,3,2,4,9,1,1,842,842,14,1,42,14.0,20553.6,20553.6,1221500.0,0.0,1.0,1631.0,549.0,,0.3333333333333333,0.75,0.016826524764633647,1,0
0,58995903,7,1233.5,3,78000.0,2,11,5,105,3,60036,1.0,9,3,0,0,0,0,0,0,0,0,221,24.555555555555557,225595.2,110415.6,100500.0,143000.0,0.7777777777777778,1920.0,465.0,1.0807216783216784,0.0,1.0,2.244728358208955,0,0
0,59000498,4,1352.0,1,128000.0,2,8,5,72,3,60058,1.0,3,2,0,0,0,0,0,0,0,0,79,26.333333333333332,93426.0,92520.0,123341.0,57200.0,0.6666666666666666,3258.0,734.0,1.6174825174825176,0.0,1.0,0.7574610226931839,0,0
0,58993744,7,1370.0,3,394000.0,2,11,5,112,5,510009,445.0382006,19,7,5,2,48,24,42279,21075,55,8,247,13.0,5376894.0,4836636.0,4108152.0,755700.0,0.8421052631578947,4502.0,629.0,0.05137435490273918,0.42105263157894735,0.8178807947019867,1.3088352134974557,1,0
1,59003325,4,1325.0,1,126000.0,2,8,9,106,5,71003,1.0,4,3,5,1,0,0,180,156,6,2,42,10.5,846.0,888.0,71500.0,64900.0,0.75,2400.0,233.0,0.013682588597842835,0.5,0.875,0.011832167832167832,1,0
1,59002803,4,1295.0,1,35000.0,2,8,5,90,3,151300,1.0,2,1,1,0,0,0,17,17,1,1,36,18.0,16158.0,16158.0,27787.0,0.0,1.0,1449.0,615.0,,0.5,0.972972972972973,0.5814949436786987,1,0
0,59003192,4,1329.5,1,181000.0,2,8,5,111,3,340017,223.6067977,11,5,6,10,15,15,4581,4288,31,4,211,19.181818181818183,1872423.6,1411168.8,1360500.0,119901.1,0.8181818181818182,3428.0,401.0,0.47527170309530103,0.36363636363636365,0.871900826446281,1.3762760749724368,1,0
0,58990897,7,1310.0,3,128000.0,2,11,9,105,5,60052,223.6067977,4,2,0,0,0,0,0,0,0,0,85,21.25,3847.2000000000003,3860.4,220500.0,79200.0,0.75,1508.0,435.0,-0.00015151515151515152,0.0,1.0,0.01744761904761905,0,0
0,59004828,4,1274.0,1,132000.0,2,8,5,107,3,60016,202.4845673,5,1,0,0,0,0,0,0,0,0,76,15.2,15916.800000000001,12037.2,38194.0,493900.0,0.2,1187.0,4.0,0.03222676655193359,0.0,1.0,0.41673561292349587,0,0
0,58993767,7,1326.5,1,91000.0,1,11,9,106,4,450080,291.5475947,7,3,2,1,0,0,120,120,3,1,176,25.142857142857142,30368.399999999998,27024.0,101388.0,136400.0,0.7142857142857143,3479.0,1135.0,0.2025131964809384,0.14285714285714285,0.9832402234636871,0.299526571191857,1,0
1,58989746,7,1334.0,3,86000.0,2,11,5,113,5,510065,168.5140944,5,2,0,0,12,12,1800,1800,12,1,35,7.0,28558.8,28558.8,69527.0,107800.0,0.6,4738.0,414.0,0.26492393320964747,0.2,0.7446808510638298,0.41075841040171446,1,0
0,54986167,7,1256.0,3,130000.0,1,11,9,105,5,60058,187.08286930000003,12,6,0,0,0,0,0,0,0,0,111,9.25,877579.2000000001,565808.4,535500.0,33000.0,0.9166666666666666,1433.0,448.0,1.1164363636363637,0.0,1.0,1.6388033613445379,0,0
0,59001201,4,1320.5,1,122000.0,2,8,5,103,5,60046,1.0,4,2,0,0,0,0,0,0,0,0,51,12.75,3529.2000000000003,3530.4,24300.0,110000.0,0.75,2390.0,784.0,0.03209454545454545,0.0,1.0,0.14523456790123457,0,0
0,59001692,4,1257.5,1,110000.0,2,8,5,89,3,350063,189.7366596,10,3,0,0,0,0,0,0,0,0,172,17.2,122863.2,74083.2,89926.0,321200.0,0.6,1409.0,415.0,0.30303735990037356,0.0,1.0,1.3662700442586126,0,0
0,59000231,4,1425.5,3,146000.0,2,8,5,113,5,60062,1.0,19,5,1,1,0,0,82,82,2,1,421,22.157894736842106,4905317.999999999,4762329.6,4700500.0,1414600.0,0.47368421052631576,4131.0,1196.0,0.008460059380743673,0.05263157894736842,0.9952718676122931,1.0435736623763427,1,0
0,58997422,4,1248.5,3,50000.0,2,8,-1,100,3,332345,387.2983346,12,5,0,0,0,0,0,0,0,0,174,14.5,502386.0,231277.2,525500.0,115500.0,0.8333333333333334,2108.0,599.0,2.0641766233766234,0.0,1.0,0.9560152235965746,0,0
0,54985176,7,1328.0,3,71000.0,2,11,5,109,5,60004,444.4738462,8,3,0,4,9,9,1972,1972,13,1,135,16.875,813136.8,478032.0,403410.0,22000.0,0.875,3727.0,449.0,0.0,0.125,0.9121621621621622,2.0156585111920875,1,0
0,58995493,7,,2,73000.0,2,11,9,109,3,151300,189.8051633,1,1,0,0,0,0,0,0,0,0,5,5.0,2808.0,2808.0,4607.0,0.0,1.0,411.0,411.0,,0.0,1.0,0.6095072715433036,0,1
0,59002534,4,1242.5,3,70000.0,1,8,5,103,3,60040,181.6590212,5,2,1,0,0,0,1,1,1,1,66,13.2,197082.0,126000.0,105500.0,79200.0,0.6,1366.0,405.0,0.8975,0.2,0.9850746268656716,1.8680758293838862,1,0
0,58995172,7,1263.5,3,35000.0,2,12,-1,115,4,350012,271.11621119999995,2,2,7,0,0,0,41,41,7,1,30,15.0,1023813.6,975210.0,900500.0,0.0,1.0,1137.0,437.0,,0.5,0.8108108108108109,1.1369390338700722,1,0
0,59000340,4,1313.0,3,98000.0,1,8,9,103,5,151300,173.20508080000002,6,3,0,0,0,0,0,0,0,0,34,5.666666666666667,41398.8,18315.6,50500.0,143000.0,0.5,1716.0,381.0,0.16914965034965032,0.0,1.0,0.8197782178217823,0,0
1,58982978,5,1322.0,3,30000.0,2,15,5,91,5,60047,164.3167673,27,6,15,5,0,0,507,201,20,5,196,7.2592592592592595,1848513.6,591814.8,800500.0,30800.0,0.9629629629629629,4838.0,418.0,1.089038961038961,0.18518518518518517,0.9074074074074074,2.3091987507807623,1,0
1,59002226,4,,2,48000.0,1,8,5,101,5,72000,165.37533069999998,6,3,13,1,6,6,1397,1397,20,1,25,4.166666666666667,102954.0,57916.8,87600.0,0.0,1.0,3768.0,323.0,,0.16666666666666666,0.5555555555555556,1.1752739726027397,1,1
1,58993990,7,1263.5,3,53000.0,2,11,5,111,5,60095,1.0,3,2,0,0,0,0,0,0,0,0,36,12.0,441186.0,360000.0,300500.0,78100.0,0.3333333333333333,987.0,94.0,1.0395134443021767,0.0,1.0,1.4681730449251247,0,0
0,58983850,5,1221.5,3,97000.0,2,15,9,109,4,72001,263.3097036,4,1,1,0,0,0,16,16,1,1,47,11.75,4891.2,2665.2,21446.0,90200.0,0.5,3401.0,591.0,0.016829268292682928,0.25,0.9791666666666666,0.2280705026578383,1,0
0,58995787,7,1289.0,3,68000.0,1,11,5,86,3,60016,173.20508080000002,10,4,3,1,0,0,80,31,4,4,144,14.4,891434.3999999999,586033.2,656938.0,38500.0,0.9,3156.0,568.0,0.000748051948051948,0.4,0.972972972972973,1.3569536242385125,1,0
1,54984978,5,,2,58000.0,2,15,5,95,3,60075,212.1320344,3,2,0,0,0,0,0,0,0,0,14,4.666666666666667,266942.4,190800.0,159500.0,45100.0,0.6666666666666666,526.0,203.0,1.1941729490022173,0.0,1.0,1.673620062695925,0,1
0,58988287,5,1307.0,1,39000.0,2,15,9,114,4,450016,160.44625269999997,7,4,0,0,0,0,0,0,0,0,28,4.0,1841772.0,1785898.8,1500500.0,99000.0,0.8571428571428571,877.0,206.0,0.0069212121212121214,0.0,1.0,1.2274388537154282,0,0
0,58992687,7,,3,72000.0,2,11,-1,107,4,450048,141.4213562,6,1,8,0,0,0,44,22,8,2,180,30.0,302172.0,92751.6,94917.0,387200.0,0.3333333333333333,2002.0,1148.0,0.7588388429752067,0.3333333333333333,0.9574468085106383,3.183539302759253,1,1
0,54989469,4,1190.0,3,128000.0,2,8,5,105,5,72000,1.0,2,1,2,0,0,0,45,45,2,1,45,22.5,7292.4,4694.4,75862.0,156200.0,0.5,1094.0,896.0,0.016632522407170294,0.5,0.9574468085106383,0.0961271782974348,1,0
0,59002231,4,1353.5,3,125000.0,2,8,9,107,5,60093,1.0,5,3,0,0,0,0,0,0,0,0,100,20.0,631994.4,454736.4,545993.0,132000.0,0.8,1513.0,529.0,0.3077909090909091,0.0,1.0,1.1575137410186578,0,0
0,54984717,5,1257.5,3,35000.0,2,15,-1,89,5,60005,1.0,1,1,0,0,0,0,0,0,0,0,7,7.0,37544.4,37544.4,31787.0,0.0,1.0,387.0,387.0,,0.0,1.0,1.1811243590146916,0,0
1,58982857,5,1272.5,3,76000.0,2,15,5,104,5,60084,1.0,2,2,0,0,0,0,0,0,0,0,21,10.5,219058.80000000002,217167.6,243500.0,0.0,1.0,1001.0,370.0,,0.0,1.0,0.8996254620123204,0,0
1,54983561,5,,2,47000.0,2,15,5,112,4,510037,175.8266191,6,2,5,2,10,10,1817,1797,17,3,67,11.166666666666666,150590.40000000002,55714.8,60584.0,154000.0,0.6666666666666666,1822.0,457.0,0.6172831168831169,0.5,0.7976190476190477,2.4856463752806026,1,1
0,58993789,7,1238.0,3,59000.0,2,11,9,112,5,60000,1.0,5,2,0,0,0,0,0,0,0,0,67,13.4,88442.4,48438.0,67971.0,71500.0,0.8,1366.0,509.0,0.6774545454545454,0.0,1.0,1.301178443748069,0,0
1,54985654,7,1280.0,3,120000.0,2,11,5,115,5,151300,218.604666,3,2,2,3,5,5,1034,1034,10,1,36,12.0,60861.6,36621.6,47888.0,49500.0,0.6666666666666666,1882.0,448.0,0.739830303030303,0.3333333333333333,0.782608695652174,1.2709154694286668,1,0
0,54989251,4,1263.5,3,100000.0,2,8,5,64,5,60047,1.0,37,4,0,1,0,0,45,45,1,1,697,18.83783783783784,2582253.6,946929.6,5340500.0,1926100.0,0.8378378378378378,8466.0,544.0,0.1995248429468875,0.02702702702702703,0.998567335243553,0.48352281621571014,1,0
0,59003000,4,1293.5,1,149000.0,2,8,-1,96,3,60023,1.0,6,1,0,0,0,0,0,0,0,0,100,16.666666666666668,41628.0,39766.8,33639.0,213400.0,0.3333333333333333,1468.0,185.0,0.19507029053420805,0.0,1.0,1.2374921965575671,0,0
1,54987040,7,1190.0,3,95000.0,2,11,5,88,3,60019,1.0,7,3,3,0,0,0,31,31,3,1,110,15.714285714285714,370044.0,210986.4,200500.0,293700.0,0.7142857142857143,2730.0,338.0,0.4974668028600613,0.14285714285714285,0.9734513274336283,1.8456059850374065,1,0
0,54985988,7,1262.0,1,104000.0,2,11,8,107,4,60045,1.0,4,3,1,0,0,0,15,15,1,1,61,15.25,293068.8,164148.0,137290.0,150700.0,0.5,1697.0,428.0,1.498972793629728,0.25,0.9838709677419355,2.1346696773253697,1,0
0,58986533,5,1358.0,1,101000.0,2,15,-1,111,5,72000,1.0,2,2,0,0,0,0,0,0,0,0,27,13.5,32229.6,34911.6,44500.0,0.0,1.0,808.0,568.0,,0.0,1.0,0.7242606741573033,0,0
0,58982387,1,1217.0,2,300000.0,2,4,-1,79,5,550007,1.0,15,5,2,0,0,0,60,60,2,1,190,12.666666666666666,11632993.200000001,7937396.4,8200500.0,220000.0,0.8666666666666667,8040.0,96.0,0.2402618181818182,0.06666666666666667,0.9895833333333334,1.4185712090726177,1,0
1,58984255,5,1223.0,3,50000.0,2,15,5,89,3,151300,1.0,6,2,0,0,0,0,0,0,0,0,38,6.333333333333333,38194.8,20136.0,39730.0,55000.0,0.8333333333333334,1274.0,464.0,0.19819636363636361,0.0,1.0,0.9613591744273849,0,0
0,54988697,7,1287.5,1,88000.0,2,11,-1,113,4,71003,1.0,2,2,0,0,0,0,0,0,0,0,12,6.0,112669.20000000001,110541.6,100500.0,0.0,1.0,417.0,344.0,,0.0,1.0,1.1210865671641792,0,0
1,54982856,5,1361.0,3,30000.0,1,15,5,110,5,60033,264.5751311,8,4,1,0,0,0,26,26,1,1,105,13.125,4697403.6,4342938.0,3650500.0,0.0,1.0,3423.0,458.0,,0.125,0.9905660377358491,1.2867836186823722,1,0
0,58988923,7,1223.0,3,68000.0,1,11,5,84,5,60014,158.11388300000002,7,3,0,0,0,0,0,0,0,0,51,7.285714285714286,94144.79999999999,54505.2,100500.0,36300.0,0.8571428571428571,1305.0,363.0,0.6608264462809917,0.0,1.0,0.9367641791044775,0,0
0,59004856,4,,2,99000.0,2,8,5,90,3,60036,188.0664776,2,1,0,0,0,0,0,0,0,0,33,16.5,38463.600000000006,38584.8,43492.0,82500.0,0.5,1054.0,365.0,0.4676945454545455,0.0,1.0,0.8843833348661824,0,1
0,54990128,4,,2,105000.0,2,8,9,110,5,72000,187.0561413,7,3,0,0,0,0,0,0,0,0,104,14.857142857142858,499202.4,436603.2,400500.0,30800.0,0.8571428571428571,1725.0,568.0,1.1362597402597403,0.0,1.0,1.2464479400749064,0,1
0,54986034,7,1298.0,1,114000.0,2,11,5,103,3,60014,173.20508080000002,2,1,0,0,0,0,0,0,0,0,41,20.5,8331.6,7971.6,56759.0,100100.0,0.5,1418.0,475.0,0.0035964035964035964,0.0,1.0,0.14678905548018817,0,0
1,54986429,7,1326.5,3,208000.0,2,11,5,105,4,510070,279.6640842,4,2,0,0,0,0,0,0,0,0,110,27.5,85068.0,47292.0,485500.0,101200.0,0.5,3472.0,1809.0,0.840592885375494,0.0,1.0,0.1752173017507724,0,0
0,58988867,7,1170.5,3,71000.0,2,11,5,111,4,151307,200.0,4,1,1,0,0,0,13,13,1,1,48,12.0,28292.4,16582.8,49048.0,233200.0,0.5,1208.0,823.0,0.0805934819897084,0.25,0.9795918367346939,0.5768308595661393,1,0
0,54987401,7,1325.0,1,50000.0,2,12,-1,105,5,350012,225.2287726,6,2,1,0,0,0,1,1,1,1,133,22.166666666666668,2847901.2,1625805.6,1445659.0,357500.0,0.6666666666666666,3678.0,1024.0,0.017367272727272728,0.16666666666666666,0.9925373134328358,1.9699674681235342,1,0
0,59002062,4,1320.5,1,123000.0,2,8,5,105,3,332444,1.0,5,3,0,0,0,0,0,0,0,0,91,18.2,234748.8,164378.4,200500.0,63800.0,0.6,1243.0,358.0,0.02917241379310345,0.0,1.0,1.170816957605985,0,0
0,59001353,4,1256.0,3,120000.0,2,8,5,105,5,72015,1.0,10,4,2,0,35,35,6302,6300,37,3,175,17.5,15603.6,13831.2,232022.0,57200.0,0.7,3612.0,1450.0,0.01972027972027972,0.3,0.8254716981132075,0.06725051934730328,1,0
0,58996494,7,1304.0,1,98000.0,2,11,5,113,4,151300,180.2775638,5,2,0,0,0,0,0,0,0,0,74,14.8,309532.8,164964.0,200500.0,90200.0,0.6,1150.0,354.0,0.06811529933481153,0.0,1.0,1.5438044887780549,0,0
0,58987161,5,,2,48000.0,2,15,5,107,4,450008,178.0056179,5,3,0,0,0,0,0,0,0,0,20,4.0,64935.600000000006,44084.4,51151.0,169400.0,0.6,742.0,422.0,0.311383707201889,0.0,1.0,1.2694883775488262,0,1
0,54983470,5,1238.0,3,104000.0,2,15,7,110,4,450075,243.0370342,14,4,4,1,0,0,143,83,5,2,249,17.785714285714285,404761.2,146596.8,128500.0,477400.0,0.6428571428571429,2454.0,491.0,0.4912685379136992,0.14285714285714285,0.9803149606299213,3.149892607003891,1,0
0,59004000,4,1214.0,3,82000.0,1,8,5,100,5,60019,167.33200530000002,3,1,0,0,0,0,0,0,0,0,34,11.333333333333334,26786.4,21595.2,25967.0,0.0,1.0,2299.0,368.0,,0.0,1.0,1.0315554357453691,0,0
0,58992602,7,1368.5,3,390000.0,2,11,5,101,5,60024,173.20508080000002,6,2,1,0,0,0,26,26,1,1,68,11.333333333333334,11703.599999999999,8208.0,1600500.0,271700.0,0.6666666666666666,2740.0,428.0,0.03020979020979021,0.16666666666666666,0.9855072463768116,0.007312464854732895,1,0
0,54985177,7,1262.0,3,121000.0,2,11,5,106,5,151300,387.356425,11,4,13,1,37,33,9778,8749,51,4,161,14.636363636363637,475701.60000000003,422503.2,420500.0,81400.0,0.9090909090909091,3955.0,523.0,0.0,0.36363636363636365,0.7594339622641509,1.131276099881094,1,0
0,58990273,7,1362.5,3,83000.0,2,11,9,100,4,151300,174.2067737,6,3,0,0,0,0,0,0,0,0,77,12.833333333333334,189734.4,120067.2,150500.0,204600.0,0.5,1451.0,426.0,0.06659237536656891,0.0,1.0,1.2606936877076411,0,0
0,54988633,7,1253.0,1,50000.0,2,11,5,112,4,72049,184.3637708,3,3,0,0,0,0,0,0,0,0,40,13.333333333333334,21980.399999999998,20776.8,57718.0,0.0,1.0,3215.0,3008.0,,0.0,1.0,0.38082400637582725,0,0
0,54986068,7,1220.0,3,263000.0,2,11,9,90,2,151300,1.0,11,3,0,1,0,0,31,31,1,1,238,21.636363636363637,866158.8,414116.4,400500.0,482900.0,0.7272727272727273,3763.0,738.0,0.8703068958376474,0.09090909090909091,0.99581589958159,2.162693632958802,1,0
0,58987963,5,1236.5,1,52000.0,2,15,5,112,4,550009,172.61517890000002,16,4,0,0,0,0,0,0,0,0,244,15.25,832590.0,442990.8,400500.0,255200.0,0.625,2157.0,390.0,0.3096112852664577,0.0,1.0,2.078876404494382,0,0
0,54985523,7,1223.0,3,97000.0,2,11,5,109,3,450003,187.08286930000003,8,1,0,0,0,0,0,0,0,0,89,11.125,174073.2,110311.2,107202.0,487300.0,0.25,1049.0,591.0,0.23016704288939055,0.0,1.0,1.6237868696479545,0,0
0,58999697,4,1290.5,3,140000.0,2,8,9,101,5,60063,1.0,7,3,1,2,46,35,9710,6540,49,2,114,16.285714285714285,76875.6,49218.0,662274.0,96800.0,0.5714285714285714,5830.0,2805.0,0.5084504132231404,0.2857142857142857,0.6993865030674846,0.11607823952019859,1,0
0,59002213,4,1305.5,1,123000.0,2,8,5,106,3,330008,1.0,3,2,0,0,0,0,0,0,0,0,14,4.666666666666667,31089.6,29568.0,39103.0,110000.0,0.6666666666666666,802.0,373.0,0.013832727272727273,0.0,1.0,0.795069432012889,0,0
0,54983331,5,1241.0,3,30000.0,2,15,5,80,5,60006,1.0,9,4,0,0,0,0,0,0,0,0,58,6.444444444444445,271390.8,142810.8,121500.0,0.0,1.0,3616.0,469.0,,0.0,1.0,2.233669135802469,0,0
0,58998938,4,1397.0,3,191000.0,2,8,9,114,4,72000,300.4080558,16,4,13,4,1,1,774,270,18,5,233,14.5625,1514894.4,1492471.2,1400500.0,196900.0,0.8125,5263.0,711.0,0.04556221432199086,0.3125,0.9282868525896414,1.081681113887897,1,0
0,54990331,4,1314.5,1,177000.0,2,8,-1,112,5,60000,200.0,4,2,0,0,0,0,0,0,0,0,90,22.5,112524.0,107749.2,372500.0,194700.0,0.75,1639.0,317.0,-0.00012942989214175654,0.0,1.0,0.3020778523489933,0,0
0,59000853,4,1305.5,1,118000.0,2,8,9,112,4,151300,223.6067977,3,2,1,0,0,0,19,19,1,1,29,9.666666666666666,349.2,219.6,32500.0,97900.0,0.6666666666666666,2182.0,390.0,0.001323799795709908,0.3333333333333333,0.9666666666666667,0.010744615384615384,1,0
0,59001863,4,1223.0,3,77000.0,2,8,9,111,5,72000,1.0,5,2,0,0,0,0,0,0,0,0,95,19.0,249499.2,157639.2,141500.0,176990.0,0.6,1595.0,698.0,0.40204305327984635,0.0,1.0,1.763245229681979,0,0
0,58993710,7,1304.0,1,130000.0,2,11,5,111,4,450046,223.6067977,3,1,0,0,0,0,0,0,0,0,37,12.333333333333334,126735.6,64870.8,114279.0,160600.0,0.3333333333333333,734.0,567.0,0.7891382316313823,0.0,1.0,1.1090016538471636,0,0
0,54987936,7,1223.0,3,72000.0,2,11,-1,114,5,151300,167.33200530000002,3,2,0,0,0,0,0,0,0,0,44,14.666666666666666,443341.2,423421.2,550500.0,0.0,1.0,943.0,547.0,,0.0,1.0,0.8053427792915532,0,0
0,59002170,4,1256.0,3,141000.0,2,8,5,84,3,60031,223.6067977,8,4,1,0,0,0,25,25,1,1,138,17.25,982237.2000000001,831213.6,823500.0,55000.0,0.875,1897.0,475.0,0.9819927272727272,0.125,0.9928057553956835,1.1927591985428052,1,0
0,58996882,7,1233.5,3,59000.0,2,11,5,91,3,450052,387.2983346,11,5,0,0,0,0,0,0,0,0,77,7.0,104967.6,39526.8,150500.0,104500.0,0.8181818181818182,1092.0,339.0,0.038606698564593304,0.0,1.0,0.6974591362126247,0,0
0,58990235,7,1281.5,1,304000.0,2,11,-1,111,4,450001,244.94897430000003,6,1,0,0,0,0,0,0,0,0,142,23.666666666666668,72678.0,38415.6,172020.0,591800.0,0.16666666666666666,1558.0,510.0,0.1228083812098682,0.0,1.0,0.42249738402511333,0,0
1,54989257,4,1242.5,3,56000.0,2,8,-1,85,5,330007,1.0,5,2,0,0,0,0,0,0,0,0,117,23.4,242647.2,152527.2,127606.0,174900.0,0.4,2458.0,704.0,1.2837392795883362,0.0,1.0,1.9015344106076517,0,0
1,58994340,7,1281.5,1,75000.0,2,11,5,87,5,72049,1.0,5,2,0,0,0,0,0,0,0,0,63,12.6,1148102.4,989940.0,870438.0,119900.0,0.8,1204.0,362.0,1.1154795663052544,0.0,1.0,1.3189938858367856,0,0
0,58989150,7,1328.0,3,182000.0,2,11,5,98,5,72001,173.20508080000002,20,1,1,0,0,0,10,10,1,1,238,11.9,48898.8,28150.8,100425.0,196900.0,0.75,5502.0,529.0,-0.004400203148806501,0.05,0.99581589958159,0.4869185959671397,1,0
1,58995703,7,,3,75000.0,2,11,9,100,5,450018,353.55339060000006,12,4,28,6,12,6,3178,1490,46,4,230,19.166666666666668,4243.200000000001,1868.4,552680.0,165000.0,0.8333333333333334,3088.0,229.0,0.022647272727272728,0.3333333333333333,0.8333333333333334,0.007677498733444309,1,1
0,59004349,7,1277.0,1,119000.0,1,11,5,105,3,72000,217.4741364,5,2,0,0,0,0,0,0,0,0,108,21.6,254154.0,224073.6,400500.0,293700.0,0.6,1289.0,422.0,0.09836567926455567,0.0,1.0,0.6345917602996255,0,0
0,58990289,7,1335.5,3,185000.0,2,11,5,100,5,351106,212.1320344,5,2,0,0,0,0,0,0,0,0,117,23.4,234530.4,234530.4,387500.0,351450.0,0.4,3654.0,457.0,0.667322236448997,0.0,1.0,0.6052397419354839,0,0
0,59001124,4,1239.5,3,85000.0,2,8,5,66,5,72000,1.0,6,3,0,0,0,0,0,0,0,0,55,9.166666666666666,15052.8,7274.4,29490.0,172700.0,0.6666666666666666,5359.0,371.0,0.04503995367689635,0.0,1.0,0.5104374364191251,0,0
1,58993373,7,1299.5,1,135000.0,2,11,5,87,3,350705,187.08286930000003,8,4,1,0,0,0,24,24,1,1,166,20.75,192722.4,175197.6,300500.0,0.0,1.0,3580.0,185.0,,0.125,0.9940119760479041,0.6413391014975042,1,0
1,59001563,4,1214.0,3,56000.0,2,8,5,109,3,151300,200.0,3,2,1,0,0,0,16,16,1,1,56,18.666666666666668,27535.2,25882.8,150500.0,96800.0,0.6666666666666666,980.0,753.0,0.2673842975206612,0.3333333333333333,0.9824561403508771,0.1829581395348837,1,0
0,59000457,4,,2,90000.0,2,8,5,111,4,72001,188.9259114,5,3,1,0,0,0,1,1,1,1,124,24.8,118258.8,56164.8,100500.0,13200.0,0.8,1414.0,398.0,0.0,0.2,0.992,1.1767044776119404,1,1
0,58994986,7,1298.0,1,128000.0,2,11,5,92,5,151300,173.20508080000002,6,3,0,0,0,0,0,0,0,0,26,4.333333333333333,353198.39999999997,213292.8,183500.0,51700.0,0.8333333333333334,590.0,33.0,0.026158607350096712,0.0,1.0,1.9247869209809263,0,0
0,58988758,7,1419.5,3,61000.0,2,11,5,80,5,151300,200.4594722,2,2,2,0,0,0,43,43,2,1,55,27.5,4140279.6,4135308.0,3700500.0,0.0,1.0,1618.0,1298.0,,0.5,0.9649122807017544,1.1188432914471018,1,0
0,54984214,5,1241.0,3,51000.0,2,15,5,88,5,151300,1.0,1,1,0,0,0,0,0,0,0,0,18,18.0,50209.2,50209.2,46081.0,55000.0,0.0,832.0,832.0,0.9128945454545454,0.0,1.0,1.0895857294763567,0,0
0,54987487,7,1304.0,3,135000.0,2,11,5,90,3,550109,282.8427125,6,4,0,0,0,0,0,0,0,0,81,13.5,559477.2,287163.6,252500.0,221100.0,0.6666666666666666,2012.0,417.0,0.23368249660786972,0.0,1.0,2.215751287128713,0,0
0,58991921,7,1301.0,1,75000.0,2,11,7,112,4,72000,1.0,17,7,5,4,0,0,243,242,9,2,381,22.41176470588235,1326321.6,1296267.6,1500500.0,532400.0,0.7058823529411765,4214.0,828.0,0.034627347858752815,0.11764705882352941,0.9769230769230769,0.8839197600799734,1,0
0,58990850,7,1266.5,3,110000.0,1,11,5,99,5,151300,173.20508080000002,2,1,0,0,0,0,0,0,0,0,12,6.0,19515.6,18552.0,28392.0,173800.0,0.0,489.0,387.0,0.11228768699654774,0.0,1.0,0.6873626373626374,0,0
1,59005881,4,,2,94000.0,2,8,-1,113,4,72000,1.0,3,2,0,0,0,0,0,0,0,0,10,3.3333333333333335,54345.6,44400.0,37500.0,69300.0,0.6666666666666666,388.0,32.0,0.009887445887445888,0.0,1.0,1.449216,0,1
0,54983307,5,1269.5,1,180000.0,1,15,5,90,3,151009,173.20508080000002,11,5,3,3,0,0,186,149,6,3,172,15.636363636363637,564292.8,473268.0,400500.0,67100.0,0.9090909090909091,3140.0,427.0,0.2124769001490313,0.2727272727272727,0.9662921348314607,1.4089707865168541,1,0
1,58988200,5,1308.5,3,39000.0,2,15,5,82,3,450018,159.9843742,16,4,1,0,0,0,10,10,1,1,187,11.6875,489945.60000000003,289184.4,260500.0,35200.0,0.9375,3185.0,356.0,1.0270568181818183,0.0625,0.9946808510638298,1.8807892514395395,1,0
0,59001184,4,1304.0,3,35000.0,2,8,9,90,5,60047,1.0,1,1,0,0,0,0,0,0,0,0,9,9.0,8248.8,8248.8,22747.0,0.0,1.0,519.0,519.0,,0.0,1.0,0.3626324350463797,0,0
0,54985410,7,1304.0,3,290000.0,2,11,5,111,4,60000,310.3836336,28,5,7,0,0,0,123,60,7,5,522,18.642857142857142,4541914.8,4286368.8,3900500.0,451002.2,0.7142857142857143,4006.0,510.0,0.13830265129527083,0.17857142857142858,0.9867674858223062,1.164444250737085,1,0
0,58993739,7,1307.0,1,80000.0,2,11,5,95,5,60026,1.0,11,3,0,0,0,0,0,0,0,0,153,13.909090909090908,814272.0,726013.2,671325.0,295900.0,0.8181818181818182,4742.0,967.0,2.4535762081784385,0.0,1.0,1.2129326332253378,0,0
0,58988886,7,1235.0,3,68000.0,2,11,5,110,5,450017,187.08286930000003,4,1,0,0,0,0,0,0,0,0,71,17.75,168441.6,68067.6,98434.0,110000.0,0.5,1516.0,486.0,0.9124909090909091,0.0,1.0,1.7112136050551638,0,0
0,54989788,4,1277.0,1,162000.0,2,8,5,85,5,151304,212.1320344,11,4,7,2,5,5,1016,909,14,5,247,22.454545454545453,523416.0,487993.2,407161.0,442750.0,0.45454545454545453,3492.0,418.0,1.1281246753246754,0.45454545454545453,0.946360153256705,1.2855258730575865,1,0
1,58998919,4,1253.0,3,84000.0,2,8,5,107,4,72001,173.20508080000002,3,1,0,0,0,0,0,0,0,0,32,10.666666666666666,81934.8,63217.2,57964.0,122100.0,0.3333333333333333,844.0,623.0,0.5812088452088451,0.0,1.0,1.413546339107032,0,0
0,58988250,5,1242.5,3,30000.0,2,15,5,80,3,60050,200.0,7,4,0,0,0,0,0,0,0,0,111,15.857142857142858,1792741.2,901284.0,900500.0,55000.0,0.8571428571428571,1756.0,351.0,1.8255272727272727,0.0,1.0,1.9908286507495836,0,0
1,58994121,7,1241.0,3,65000.0,2,11,9,110,3,151011,1.0,3,2,0,0,0,0,0,0,0,0,27,9.0,269926.8,130622.4,150500.0,46200.0,0.6666666666666666,694.0,506.0,0.5841818181818182,0.0,1.0,1.7935335548172757,0,0
0,58983271,5,1116.5,3,214000.0,2,15,9,112,4,60019,200.0,7,2,2,0,0,0,31,30,2,2,85,12.142857142857142,81570.0,58135.2,66650.0,354200.0,0.5714285714285714,1322.0,417.0,0.04926369282891022,0.2857142857142857,0.9770114942528736,1.2238559639909978,1,0
0,58998637,4,1287.5,3,113000.0,2,8,5,110,4,151300,1.0,7,3,0,0,0,0,0,0,0,0,102,14.571428571428571,2157362.4,803118.0,665765.0,510400.0,0.5714285714285714,1592.0,487.0,0.8304098746081505,0.0,1.0,3.240426276539019,0,0
0,54983719,5,1251.5,3,106000.0,2,15,5,83,5,350012,223.6067977,10,3,9,0,0,0,222,210,9,3,121,12.1,65262.0,48388.8,46500.0,116600.0,0.8,3241.0,632.0,0.5597084048027444,0.3,0.9307692307692308,1.403483870967742,1,0
0,54992448,7,1350.5,1,137000.0,2,11,5,100,3,60048,178.8854382,8,2,0,0,0,0,0,0,0,0,154,19.25,459079.19999999995,180000.0,160500.0,0.0,1.0,4325.0,184.0,,0.0,1.0,2.8603065420560743,0,0
0,58986051,5,1305.5,3,72000.0,2,15,5,100,5,151300,1.0,2,2,0,0,0,0,0,0,0,0,13,6.5,116704.8,114585.6,100500.0,0.0,1.0,624.0,409.0,,0.0,1.0,1.161241791044776,0,0
0,58983865,5,1388.0,3,75000.0,2,15,5,113,5,450027,222.2970985,7,3,0,0,0,0,0,0,0,0,92,13.142857142857142,2027283.5999999999,1683698.4,1430500.0,191400.0,0.5714285714285714,2093.0,903.0,1.715598746081505,0.0,1.0,1.4171853198182454,0,0
0,58996591,7,1320.5,1,123000.0,2,11,5,113,4,60091,1.0,3,1,0,0,0,0,0,0,0,0,37,12.333333333333334,6546.0,2805.6,30815.0,130900.0,0.3333333333333333,827.0,233.0,0.031343009931245225,0.0,1.0,0.21242901184488075,0,0
1,58988697,7,,2,50000.0,2,11,5,112,5,72000,181.5543996,8,3,0,0,0,0,0,0,0,0,59,7.375,83340.0,46482.0,150500.0,61600.0,0.875,2893.0,698.0,0.7545779220779221,0.0,1.0,0.5537541528239203,0,1
0,58994114,7,1376.0,3,142000.0,1,11,5,99,3,151300,223.6067977,4,2,1,1,0,0,90,90,2,1,58,14.5,28016.4,16760.4,400500.0,242000.0,0.5,2332.0,288.0,0.06925785123966943,0.25,0.9666666666666667,0.06995355805243446,1,0
1,54985076,7,1365.5,3,143000.0,2,11,5,83,3,60011,202.4845673,10,4,9,3,54,33,33765,28984,66,6,91,9.1,537696.0,426432.0,400500.0,133100.0,0.8,3687.0,526.0,0.8294064613072878,0.6,0.5796178343949044,1.342561797752809,1,0
0,59003842,4,1239.5,1,72000.0,1,8,5,89,5,60084,173.20508080000002,3,1,0,0,0,0,0,0,0,0,47,15.666666666666666,38203.2,28222.8,31870.0,148500.0,0.3333333333333333,904.0,515.0,0.20343434343434344,0.0,1.0,1.1987197991841856,0,0
0,59004857,4,1223.0,3,56000.0,2,8,9,110,3,151009,1.0,3,1,0,0,0,0,0,0,0,0,21,7.0,30747.6,13311.6,34990.0,66000.0,0.3333333333333333,568.0,340.0,0.2641818181818182,0.0,1.0,0.8787539296941983,0,0
1,58999186,4,1274.0,3,388000.0,2,8,9,111,5,72000,1.0,8,3,1,0,0,0,15,15,1,1,116,14.5,182576.4,133348.8,115700.0,580800.0,0.5,2583.0,328.0,0.08476652892561984,0.125,0.9914529914529915,1.5780155574762316,1,0
0,58995478,7,1301.0,1,77000.0,2,11,5,95,3,450000,173.20508080000002,11,6,0,0,0,0,0,0,0,0,174,15.818181818181818,797595.6000000001,453739.2,600500.0,141900.0,0.9090909090909091,3439.0,576.0,0.03313319238900635,0.0,1.0,1.3282191507077437,0,0
1,54987857,7,1323.5,1,152000.0,2,11,5,98,5,151008,1.0,3,3,0,0,0,0,0,0,0,0,26,8.666666666666666,263148.0,244770.0,1500500.0,39600.0,0.6666666666666666,508.0,476.0,0.3065151515151515,0.0,1.0,0.1753735421526158,0,0
0,58988212,5,1227.5,3,35000.0,2,15,4,105,5,510099,316.22776600000003,55,5,4,1,1,1,851,768,6,5,1203,21.87272727272727,11233798.8,5483298.0,5260500.0,2071300.0,0.8,7476.0,345.0,0.23550948679573216,0.09090909090909091,0.9950372208436724,2.1355001996007985,1,0
1,58983297,5,1299.5,3,30000.0,2,15,5,95,5,71000,200.0,13,4,3,6,15,10,3124,1938,24,4,182,14.0,109808.4,78008.4,450500.0,22000.0,0.9230769230769231,6173.0,1085.0,0.0,0.3076923076923077,0.883495145631068,0.2437478357380688,1,0
0,58999263,4,1317.5,3,81000.0,2,8,5,90,5,60038,1.0,5,4,8,0,0,0,57,52,8,3,106,21.2,599973.6,326992.8,600500.0,96800.0,0.8,3704.0,1207.0,0.06075619834710744,0.6,0.9298245614035088,0.9991233971690258,1,0
0,59002046,4,1259.0,3,35000.0,2,8,5,90,5,60017,1.0,1,1,0,0,0,0,0,0,0,0,9,9.0,25200.0,25200.0,21500.0,0.0,1.0,428.0,428.0,,0.0,1.0,1.172093023255814,0,0
0,58994346,7,1298.0,1,100000.0,2,11,9,112,4,552104,178.8854382,23,6,15,21,153,35,67891,22410,189,12,278,12.08695652173913,2764040.4,1649192.4,1797797.0,100101.1,0.8695652173913043,3986.0,443.0,0.0,0.5217391304347826,0.5952890792291221,1.5374596798192455,1,0
0,58989956,7,1284.5,1,82000.0,2,11,-1,103,4,450019,214.4761059,4,2,0,0,0,0,0,0,0,0,50,12.5,320086.8,274782.0,250500.0,108900.0,0.75,1297.0,487.0,0.0,0.0,1.0,1.277791616766467,0,0
0,58992457,7,1284.5,3,144000.0,2,11,4,96,3,71002,1.0,6,2,0,0,0,0,0,0,0,0,116,19.333333333333332,643087.2000000001,265280.4,250500.0,146300.0,0.6666666666666666,1369.0,477.0,1.0202542720437457,0.0,1.0,2.5672143712574855,0,0
0,58990986,7,1334.0,3,108000.0,2,11,5,90,3,60092,223.6067977,4,1,0,0,0,0,0,0,0,0,55,13.75,28715.999999999996,24999.6,50385.0,55000.0,0.75,1432.0,443.0,0.4545381818181818,0.0,1.0,0.56993152724025,0,0
0,58995052,7,1314.5,1,97000.0,2,11,9,90,3,60005,221.3594362,17,4,0,0,0,0,0,0,0,0,337,19.823529411764707,3074619.6,1416776.4,1280653.0,381700.0,0.7058823529411765,2047.0,297.0,0.5549363374377784,0.0,1.0,2.400821768269781,0,0
0,59005496,4,1298.0,1,35000.0,2,8,5,103,5,60028,200.0,2,1,0,0,0,0,0,0,0,0,37,18.5,44329.2,27297.6,23248.0,17600.0,0.5,1607.0,186.0,0.9677045454545453,0.0,1.0,1.906796283551273,0,0
0,54988030,7,1278.5,3,131000.0,2,11,5,110,3,60001,1.0,13,3,36,2,0,0,1056,630,38,3,204,15.692307692307692,10052.400000000001,12423.6,225500.0,241450.0,0.6153846153846154,3436.0,1106.0,0.05109132325533237,0.23076923076923078,0.8429752066115702,0.044578270509977834,1,0
0,54987756,7,1257.5,3,144000.0,2,11,5,114,3,60028,1.0,13,4,4,0,0,0,38,37,4,2,277,21.307692307692307,812083.2,365331.6,365500.0,226600.0,0.6923076923076923,3010.0,4.0,0.6294439541041483,0.15384615384615385,0.9857651245551602,2.221841860465116,1,0
0,54982697,5,1320.5,3,130000.0,2,15,5,85,5,60047,212.1320344,2,1,0,0,0,0,0,0,0,0,45,22.5,17505.6,17145.6,48811.0,135300.0,0.5,1429.0,761.0,0.0026607538802660754,0.0,1.0,0.3586404703857737,0,0
1,54987300,7,1125.5,3,79000.0,2,11,-1,107,5,450007,187.08286930000003,4,2,4,0,0,0,43,32,4,2,67,16.75,72807.6,38995.2,56131.0,95700.0,0.75,1159.0,560.0,0.4074733542319749,0.5,0.9436619718309859,1.2971014234558444,1,0
0,58993803,7,,2,370000.0,2,11,-1,85,3,350096,351.0911563,17,4,1,0,0,0,1,1,1,1,315,18.529411764705884,2452470.0,1303930.8,2456120.0,1869230.0,0.5294117647058824,3489.0,460.0,0.09547139731333222,0.058823529411764705,0.9968354430379747,0.9985139162581633,1,1
1,58985008,5,1259.0,3,121000.0,2,15,5,91,5,60064,1.0,7,3,4,1,0,0,115,83,5,2,162,23.142857142857142,235960.8,151268.4,234500.0,115500.0,0.8571428571428571,2578.0,371.0,1.309683116883117,0.2857142857142857,0.9700598802395209,1.0062294243070362,1,0
0,59005917,4,1266.5,1,104000.0,2,8,-1,92,5,60036,1.0,2,1,0,0,0,0,0,0,0,0,17,8.5,14864.4,12062.4,22805.0,105600.0,0.5,597.0,281.0,0.11422727272727272,0.0,1.0,0.6518044288533216,0,0
0,59005740,4,1266.5,1,191000.0,2,8,5,85,3,72000,1.0,7,2,0,0,0,0,0,0,0,0,128,18.285714285714285,41703.600000000006,20899.2,225500.0,280500.0,0.5714285714285714,2935.0,561.0,0.13736470588235294,0.0,1.0,0.18493835920177387,0,0
0,58994607,7,1377.5,3,78000.0,1,11,5,100,3,60017,173.20508080000002,7,4,0,0,0,0,0,0,0,0,88,12.571428571428571,4924815.6,2462064.0,2081192.0,44000.0,0.8571428571428571,3250.0,266.0,0.2298272727272727,0.0,1.0,2.366343710719626,0,0
1,58986784,5,1242.5,3,75000.0,2,15,5,109,4,510020,173.20508080000002,8,3,5,0,0,0,103,54,5,3,82,10.25,105987.6,48776.4,82548.0,95700.0,0.75,1794.0,294.0,0.7108213166144202,0.375,0.9425287356321839,1.2839511556912342,1,0
0,58994215,7,1352.0,1,142000.0,2,11,9,111,4,60036,1.0,4,3,0,0,0,0,0,0,0,0,81,20.25,530911.2,304356.0,300500.0,117700.0,0.5,1571.0,481.0,0.7839048428207307,0.0,1.0,1.766759400998336,0,0
1,58993369,7,1308.5,1,134000.0,2,11,5,95,5,151009,1.0,2,1,0,0,0,0,0,0,0,0,28,14.0,3484.8,2050.8,32552.0,112200.0,0.5,1072.0,267.0,0.01827807486631016,0.0,1.0,0.10705333005652495,0,0
0,59004587,4,1265.0,1,120000.0,2,8,5,105,3,71000,1.0,4,2,1,0,0,0,6,6,1,1,57,14.25,240728.4,225596.4,200500.0,111100.0,0.75,1672.0,379.0,0.038181818181818185,0.25,0.9827586206896551,1.2006403990024936,1,0
0,54985606,7,1320.5,1,140000.0,2,11,-1,108,4,550039,189.7366596,7,2,0,0,0,0,0,0,0,0,67,9.571428571428571,3386605.2,3028898.4,4500500.0,183700.0,0.8571428571428571,1157.0,436.0,1.1268437670114317,0.0,1.0,0.7524953227419177,0,0
1,58991789,7,1304.0,3,63000.0,2,11,5,110,4,60095,223.6067977,1,1,0,0,0,0,0,0,0,0,9,9.0,4800.0,4800.0,24835.0,0.0,1.0,542.0,542.0,,0.0,1.0,0.19327561908596738,0,0
0,59003935,4,1308.5,1,125000.0,1,8,5,104,3,72000,181.6590212,3,2,0,0,0,0,0,0,0,0,42,14.0,20504.4,13605.6,17414.0,96800.0,0.6666666666666666,1366.0,452.0,0.14055371900826447,0.0,1.0,1.1774664063397267,0,0
0,58990417,7,1283.0,3,146000.0,2,11,5,110,4,151300,241.5491668,7,2,5,2,0,0,239,181,7,3,183,26.142857142857142,720868.8,413400.0,500500.0,78100.0,0.7142857142857143,1960.0,700.0,0.27584635083226633,0.42857142857142855,0.9631578947368421,1.4402973026973027,1,0
0,59004284,4,1316.0,1,143000.0,2,8,5,77,3,60061,1.0,5,3,0,0,0,0,0,0,0,0,55,11.0,8893.2,7974.0,150500.0,121000.0,0.8,2232.0,520.0,0.065900826446281,0.0,1.0,0.05909102990033223,0,0
0,59000822,4,1275.5,3,284000.0,2,8,5,107,5,60000,1.0,13,2,0,0,0,0,0,0,0,0,278,21.384615384615383,5167.2,3699.6,300500.0,471900.0,0.6153846153846154,3957.0,808.0,0.0031226954863318498,0.0,1.0,0.017195341098169715,0,0
1,54986977,7,,2,77000.0,2,11,5,83,3,60000,174.93141509999998,6,4,0,0,0,0,0,0,0,0,87,14.5,117224.4,96224.4,200500.0,0.0,1.0,2094.0,433.0,,0.0,1.0,0.584660349127182,0,1
0,54986897,7,1367.0,3,234000.0,2,11,5,113,5,591044,1.0,11,5,0,0,0,0,0,0,0,0,325,29.545454545454547,2117019.6,1560379.2,1400500.0,305800.0,0.6363636363636364,4221.0,1194.0,0.7411275343361675,0.0,1.0,1.5116169939307391,0,0
0,58985717,5,1211.0,3,97000.0,2,15,5,86,5,151300,1.0,3,2,0,0,0,0,0,0,0,0,48,16.0,137319.6,107318.4,108103.0,117700.0,0.6666666666666666,1305.0,409.0,0.9117960917587086,0.0,1.0,1.270266320083624,0,0
0,58999934,4,1293.5,1,114000.0,2,8,5,111,4,72001,1.0,5,2,1,0,0,0,30,30,1,1,62,12.4,140245.2,121306.8,107728.0,112200.0,0.8,1457.0,613.0,1.0811657754010695,0.2,0.9841269841269841,1.3018453883855639,1,0
0,58999868,4,1275.5,3,136000.0,2,8,5,113,4,60000,1.0,8,4,2,5,0,0,333,263,7,2,142,17.75,742879.2000000001,742172.4,750500.0,315700.0,0.625,4261.0,399.0,0.0022388343363953117,0.25,0.9530201342281879,0.9898457028647569,1,0
1,54991896,4,1328.0,1,150000.0,2,8,5,107,3,332414,1.0,6,4,0,0,0,0,0,0,0,0,54,9.0,33588481.199999996,32493420.0,35661277.0,143000.0,0.8333333333333334,1483.0,92.0,0.8242825174825175,0.0,1.0,0.9418754465803341,0,0
1,58989341,7,1241.0,3,56000.0,1,11,5,103,4,151300,158.11388300000002,1,1,0,0,0,0,0,0,0,0,16,16.0,44569.2,44569.2,41917.0,0.0,1.0,863.0,863.0,,0.0,1.0,1.063272657871508,0,0
0,58987931,5,1311.5,1,215000.0,2,15,5,110,3,350020,219.089023,8,3,5,3,34,31,17683,16993,42,3,89,11.125,109494.0,62776.8,52814.0,202400.0,0.75,3704.0,248.0,0.3101620553359684,0.375,0.6793893129770993,2.0732002878024764,1,0
0,58996991,7,1197.5,3,63000.0,2,11,-1,93,5,72000,1.0,11,2,1,0,0,0,1,1,1,1,230,20.90909090909091,386138.4,122828.4,112857.0,246400.0,0.36363636363636365,3466.0,473.0,0.789564935064935,0.09090909090909091,0.9956709956709957,3.421483824663069,1,0
0,58984336,5,1245.5,3,100000.0,2,15,2,90,5,60028,204.9390153,7,3,0,0,0,0,0,0,0,0,98,14.0,31256.4,12760.8,38500.0,416900.0,0.5714285714285714,5964.0,492.0,0.04519069321180139,0.0,1.0,0.8118545454545455,0,0
0,59003959,4,,2,57000.0,2,8,5,107,5,151300,194.9358869,10,2,1,0,0,0,1,1,1,1,155,15.5,28471.2,21172.8,56007.0,411400.0,0.6,1310.0,233.0,0.009847350510452116,0.1,0.9935897435897436,0.5083507418715518,1,1
0,54986232,7,1272.5,3,138000.0,2,11,5,71,3,60023,1.0,9,2,3,0,0,0,32,32,3,1,128,14.222222222222221,122694.0,117268.8,159390.0,268400.0,0.7777777777777778,3549.0,1144.0,0.4547839046199702,0.1111111111111111,0.9770992366412213,0.7697722567287785,1,0
0,58995487,7,1239.5,1,108000.0,2,11,5,110,4,60004,200.0,8,2,0,0,0,0,0,0,0,0,173,21.625,304852.8,228681.6,191068.0,251350.0,0.5,1821.0,491.0,1.0337616868907897,0.0,1.0,1.5955199196097725,0,0
0,54987789,7,1289.0,3,130000.0,2,11,9,84,3,60019,1.0,8,5,14,0,0,0,300,300,14,1,129,16.125,241620.0,115964.4,256500.0,114400.0,0.75,2458.0,564.0,0.0,0.125,0.9020979020979021,0.9419883040935673,1,0
0,54987682,7,1290.5,1,119000.0,2,11,9,114,4,591017,1.0,3,1,0,0,0,0,0,0,0,0,57,19.0,40728.0,27781.2,74876.0,73700.0,0.6666666666666666,1199.0,858.0,0.3769497964721845,0.0,1.0,0.5439393129974892,0,0
0,58997954,4,1227.5,1,110000.0,2,8,-1,98,5,361036,1.0,5,2,4,0,0,0,61,60,4,2,120,24.0,63876.0,48488.4,114994.0,132000.0,0.6,2905.0,546.0,0.4365818181818182,0.4,0.967741935483871,0.5554724594326661,1,0
0,58992934,7,,2,59000.0,2,11,5,111,4,72001,182.9699429,6,2,14,7,3,3,1230,1230,24,1,78,13.0,349008.0,306524.4,300500.0,22000.0,0.8333333333333334,2138.0,462.0,0.0,0.16666666666666666,0.7647058823529411,1.1614242928452578,1,1
0,59005240,4,1253.0,1,97000.0,2,8,5,115,3,60034,1.0,5,4,0,0,0,0,0,0,0,0,83,16.6,206186.4,118504.8,100500.0,35200.0,0.8,1676.0,632.0,1.131,0.0,1.0,2.0516059701492537,0,0
0,59002429,4,,2,104000.0,2,8,5,108,5,151306,185.67444630000003,2,1,0,0,0,0,0,0,0,0,72,36.0,29035.2,29035.2,44302.0,29700.0,0.5,2640.0,1491.0,0.9776161616161616,0.0,1.0,0.6553925330684846,0,1
0,58998029,4,1244.0,3,107000.0,2,8,5,112,5,60017,3.16227766,7,4,0,0,0,0,0,0,0,0,113,16.142857142857142,379803.60000000003,217981.2,211500.0,225500.0,0.5714285714285714,1143.0,429.0,0.11126740576496674,0.0,1.0,1.7957617021276597,0,0
1,58997951,4,1230.5,3,125000.0,2,8,9,109,5,71002,316.22776600000003,14,4,5,4,33,32,18875,18378,42,4,143,10.214285714285714,230539.19999999998,154088.4,150500.0,180400.0,0.8571428571428571,3985.0,428.0,0.8541485587583149,0.2857142857142857,0.772972972972973,1.5318219269102988,1,0
0,59001297,4,1233.5,1,190000.0,1,8,-1,85,3,60064,1.0,7,2,18,5,0,0,516,365,23,4,118,16.857142857142858,58068.0,25292.4,105530.0,96800.0,0.5714285714285714,3078.0,610.0,0.4182892561983471,0.5714285714285714,0.8368794326241135,0.5502511134274614,1,0
0,58999688,4,,2,130000.0,2,8,5,73,5,60024,207.8605302,23,5,23,33,21,17,7827,4950,77,7,199,8.652173913043478,856161.6,500638.8,650500.0,46200.0,0.9130434782608695,5388.0,581.0,0.0,0.30434782608695654,0.7210144927536232,1.3161592621060723,1,1
0,58993467,7,1257.5,3,95000.0,1,11,4,111,4,450015,244.94897430000003,2,1,0,0,0,0,0,0,0,0,11,5.5,62323.2,47262.0,39884.0,44000.0,0.5,973.0,187.0,1.0741363636363637,0.0,1.0,1.5626115735633337,0,0
0,54992451,7,1302.5,1,105000.0,2,11,5,95,3,60000,1.0,5,2,0,0,0,0,0,0,0,0,79,15.8,364429.2,235296.0,200500.0,57200.0,0.8,1240.0,289.0,0.7323776223776224,0.0,1.0,1.8176019950124689,0,0
0,58995813,7,1230.5,3,57000.0,2,11,9,108,4,450015,170.29386369999995,23,4,4,2,2,2,511,480,8,2,199,8.652173913043478,209850.0,60334.8,240500.0,121000.0,0.8695652173913043,1825.0,157.0,0.53499173553719,0.08695652173913043,0.961352657004831,0.8725571725571726,1,0
0,54987083,7,1245.5,3,110000.0,2,11,5,100,4,71000,1.0,3,1,0,0,0,0,0,0,0,0,88,29.333333333333332,502147.19999999995,356721.6,297768.0,272800.0,0.3333333333333333,1573.0,965.0,1.8407155425219939,0.0,1.0,1.6863705972434915,0,0
0,54989065,4,1244.0,3,97000.0,2,8,5,99,5,60091,164.3167673,2,1,0,0,0,0,0,0,0,0,39,19.5,85716.0,55129.2,95477.0,106700.0,0.5,1263.0,611.0,0.5166747891283974,0.0,1.0,0.8977659541041297,0,0
0,58987512,5,1302.5,3,211000.0,2,15,5,87,3,72000,1.0,5,2,0,0,0,0,0,0,0,0,73,14.6,298467.6,240000.0,200500.0,257400.0,0.6,2438.0,247.0,0.08028438228438228,0.0,1.0,1.4886164588528676,0,0
0,54987747,7,,2,50000.0,1,11,5,100,4,60075,182.2086716,2,2,1,2,6,6,1009,1009,9,1,27,13.5,13720.8,13720.8,39800.0,0.0,1.0,1554.0,433.0,,0.5,0.75,0.3447437185929648,1,1
0,58993064,7,1320.5,1,145000.0,2,11,5,100,5,330012,1.0,12,3,0,0,0,0,0,0,0,0,242,20.166666666666668,10821.599999999999,4622.4,550500.0,565125.0,0.5833333333333334,2443.0,322.0,0.012545189117451892,0.0,1.0,0.01965776566757493,0,0
0,58995532,7,1304.0,3,129000.0,2,11,5,103,3,151300,161.245155,4,2,0,0,0,0,0,0,0,0,28,7.0,89731.2,77815.2,75500.0,166100.0,0.5,2562.0,423.0,0.0,0.0,1.0,1.1884927152317881,0,0
0,58996590,7,1287.5,1,152000.0,2,11,5,108,5,151300,1.0,3,2,0,0,0,0,0,0,0,0,31,10.333333333333334,1684357.2,1547596.8,1296347.0,72600.0,0.6666666666666666,720.0,96.0,1.0766776859504132,0.0,1.0,1.299310446971374,0,0
0,54986029,7,,2,127000.0,2,11,-1,110,4,450063,200.0,13,4,0,0,0,0,0,0,0,0,169,13.0,208116.0,89050.8,471500.0,423060.0,0.6923076923076923,2242.0,415.0,0.3833385335413417,0.0,1.0,0.4413913043478261,0,1
0,58998989,4,1214.0,3,51000.0,2,8,5,104,5,151300,173.20508080000002,3,1,0,0,0,0,0,0,0,0,32,10.666666666666666,94248.0,65346.0,65023.0,133100.0,0.3333333333333333,849.0,488.0,0.6283365890308039,0.0,1.0,1.4494563462159544,0,0
0,54986274,7,1262.0,3,106000.0,2,11,9,109,4,450002,173.20508080000002,8,4,0,0,0,0,0,0,0,0,87,10.875,176551.2,50032.8,187879.0,94600.0,0.75,2704.0,359.0,0.8408752642706131,0.0,1.0,0.9397069390405528,0,0
0,54985821,7,1277.0,3,243000.0,2,11,5,83,5,60087,1.0,11,3,3,0,0,0,17,9,3,3,179,16.272727272727273,1140.0,1309.2,60494.0,283800.0,0.5454545454545454,3647.0,517.0,-0.00038900634249471456,0.2727272727272727,0.9835164835164835,0.01884484411677191,1,0
1,58998661,4,1211.0,3,71000.0,2,8,5,101,5,60073,264.5751311,2,1,0,0,0,0,0,0,0,0,42,21.0,83245.20000000001,44090.4,81124.0,183700.0,0.0,1079.0,860.0,0.4531584104518237,0.0,1.0,1.0261476258567133,0,0
0,58982909,5,1251.5,3,113000.0,2,15,5,85,5,60084,212.0943186,15,5,2,2,34,34,30071,29890,38,3,49,3.2666666666666666,774669.6,363607.2,667050.0,30800.0,0.8666666666666667,7191.0,366.0,-0.0003116883116883117,0.2,0.5632183908045977,1.1613366314369238,1,0
1,58982354,1,1343.0,1,550000.0,2,5,-1,77,5,350024,1.0,6,3,2,0,0,0,30,30,2,1,113,18.833333333333332,16951963.2,16800000.0,14000500.0,679800.0,0.5,5130.0,442.0,0.22354104148278908,0.16666666666666666,0.9826086956521739,1.2108112710260348,1,0
1,59000639,4,1251.5,3,51000.0,2,8,-1,74,5,60041,1.0,4,3,4,0,3,3,465,461,7,2,70,17.5,577796.4,379821.6,465500.0,45100.0,0.75,2093.0,561.0,1.0133747228381373,0.5,0.9090909090909091,1.241238238453276,1,0
0,54986974,7,1275.5,3,122000.0,2,11,9,108,4,60018,1.0,11,3,0,0,0,0,0,0,0,0,133,12.090909090909092,71688.0,26823.6,27966.0,319000.0,0.6363636363636364,2683.0,340.0,0.1863347962382445,0.0,1.0,2.5633984123578633,0,0
0,58986053,5,1262.0,3,93000.0,2,15,9,86,5,151300,204.9390153,7,4,0,0,0,0,0,0,0,0,76,10.857142857142858,507158.4,320730.0,277557.0,121000.0,0.8571428571428571,3123.0,518.0,2.6506611570247935,0.0,1.0,1.8272225164560794,0,0
0,54984435,5,1248.5,1,286000.0,2,15,-1,112,4,450094,173.20508080000002,10,3,0,0,0,0,0,0,0,0,164,16.4,872023.2,492264.0,460500.0,202400.0,0.6,1754.0,234.0,0.48569169960474307,0.0,1.0,1.893644299674267,0,0
0,59003229,4,,2,46000.0,2,8,5,114,4,60000,173.7843491,4,1,0,0,0,0,0,0,0,0,32,8.0,66739.2,30898.8,35084.0,102300.0,0.5,817.0,342.0,0.5619706744868035,0.0,1.0,1.9022688404970927,0,1
1,59003111,4,1223.0,3,73000.0,2,8,9,105,3,151300,1.0,7,3,0,0,0,0,0,0,0,0,60,8.571428571428571,700674.0,612097.2,546188.0,11000.0,0.8571428571428571,688.0,392.0,0.0,0.0,1.0,1.2828440024313972,0,0
0,59005838,4,1257.5,3,35000.0,2,8,3,112,4,72014,1.0,1,1,0,0,0,0,0,0,0,0,21,21.0,27253.2,27253.2,27528.0,27500.0,0.0,788.0,788.0,0.9910254545454545,0.0,1.0,0.9900174367916303,0,0
1,58989269,5,1391.0,3,112000.0,2,15,5,112,4,71002,192.608411,5,4,6,3,6,6,1488,1380,15,2,97,19.4,1256524.8,900580.8,790500.0,74800.0,0.8,3185.0,629.0,0.25315508021390376,0.4,0.8660714285714286,1.589531688804554,1,0
1,54991441,4,,2,66000.0,2,8,9,113,4,72002,162.44999230000002,4,2,0,0,0,0,0,0,0,0,18,4.5,412779.6,231681.6,196500.0,24200.0,0.75,636.0,288.0,0.26330578512396696,0.0,1.0,2.100659541984733,0,1
0,58989409,7,1232.0,3,100000.0,2,11,5,111,4,72000,204.9390153,5,1,6,1,0,0,196,151,7,2,121,24.2,77796.0,50796.0,111259.0,88000.0,0.4,1774.0,988.0,0.3068318181818182,0.4,0.9453125,0.6992333204504804,1,0
0,58985568,5,1364.0,3,142000.0,2,15,5,100,5,60044,1.0,2,1,0,0,0,0,0,0,0,0,55,27.5,6914.4,6792.0,40859.0,233200.0,0.0,3523.0,895.0,0.02965008576329331,0.0,1.0,0.16922587434836878,0,0
0,54989484,4,1313.0,3,328000.0,2,8,5,90,5,151300,1.0,7,4,0,0,0,0,0,0,0,0,42,6.0,12020.4,6590.4,36329.0,470800.0,0.5714285714285714,2321.0,567.0,-2.5488530161427357e-06,0.0,1.0,0.3308761595419637,0,0
0,58986063,7,1266.5,3,86000.0,2,11,5,87,3,151000,200.0,4,2,0,0,0,0,0,0,0,0,75,18.75,25203.6,12536.4,49650.0,55000.0,0.75,1361.0,570.0,0.06667636363636363,0.0,1.0,0.5076253776435045,0,0
0,58999633,4,1296.5,3,250000.0,2,8,5,105,3,60033,200.0,12,4,1,0,0,0,3,3,1,1,152,12.666666666666666,162445.2,125908.8,240500.0,119900.0,0.75,2583.0,363.0,0.1981351125938282,0.08333333333333333,0.9934640522875817,0.6754478170478171,1,0
1,54988512,7,1239.5,1,238000.0,2,11,5,110,4,60014,200.0,2,1,2,3,0,0,213,213,5,1,56,28.0,751.2,409.2,21211.0,111100.0,0.5,1423.0,937.0,0.0030783078307830784,0.5,0.9180327868852459,0.0354155862524162,1,0
0,54989030,4,1244.0,3,119000.0,2,8,9,100,3,60067,1.0,5,2,1,0,0,0,1,1,1,1,78,15.6,242791.2,225511.2,338500.0,151800.0,0.6,1331.0,388.0,0.07273517786561265,0.2,0.9873417721518988,0.717256129985229,1,0
0,58983791,5,1215.5,3,100000.0,2,15,5,110,5,450015,258.08525719999994,13,5,1,2,0,0,180,180,3,1,249,19.153846153846153,445221.6,292881.6,280500.0,55550.0,0.9230769230769231,4628.0,777.0,2.0765508550855083,0.07692307692307693,0.9880952380952381,1.587242780748663,1,0
0,54987651,7,1250.0,3,102000.0,2,11,5,100,3,60050,1.0,11,4,0,0,0,0,0,0,0,0,62,5.636363636363637,332977.19999999995,175646.4,150500.0,63800.0,0.9090909090909091,1888.0,368.0,1.0344639498432602,0.0,1.0,2.2124730897009965,0,0
1,54988107,7,1361.0,3,274000.0,2,11,5,100,3,151300,314.9666649,9,5,0,0,0,0,0,0,0,0,139,15.444444444444445,279124.8,265600.8,400500.0,0.0,1.0,3567.0,473.0,,0.0,1.0,0.6969408239700374,0,0
0,58988505,7,1361.0,3,77000.0,1,11,5,103,5,72000,200.0,5,3,0,0,0,0,0,0,0,0,80,16.0,1459454.4,826604.4,700500.0,0.0,1.0,2809.0,455.0,,0.0,1.0,2.083446680942184,0,0
0,59004688,4,1251.5,1,360000.0,2,8,9,110,4,151300,1.0,7,4,6,0,0,0,6,6,6,1,169,24.142857142857142,2981209.2,2829721.2,2365369.0,417450.0,0.7142857142857143,1848.0,316.0,0.0991189363995688,0.14285714285714285,0.9657142857142857,1.2603569252831166,1,0
0,58999709,4,1314.5,3,176000.0,2,8,9,114,4,72049,241.8470591,9,3,2,0,0,0,16,16,2,1,122,13.555555555555555,514869.60000000003,492013.2,1050500.0,125400.0,0.7777777777777778,3880.0,361.0,9.569377990430622e-06,0.1111111111111111,0.9838709677419355,0.4901186101856259,1,0
1,58990519,7,1256.0,1,102000.0,2,11,-1,110,4,450080,178.8854382,4,1,0,0,0,0,0,0,0,0,68,17.0,304041.6,109411.2,108472.0,239800.0,0.5,1377.0,342.0,0.9100283569641368,0.0,1.0,2.802950070064164,0,0
0,54991967,4,,2,70000.0,2,8,5,90,3,72000,186.1451047,1,1,0,0,0,0,0,0,0,0,8,8.0,20398.8,20398.8,20499.0,22000.0,0.0,665.0,665.0,0.9272181818181818,0.0,1.0,0.9951119566808136,0,1
1,54987545,7,1212.5,3,61000.0,2,11,5,112,4,450031,187.08286930000003,3,1,14,6,0,0,684,474,20,3,62,20.666666666666668,40224.0,39846.0,52308.0,46200.0,0.3333333333333333,1471.0,570.0,0.008181818181818182,1.0,0.7560975609756098,0.7689837118605185,1,0
0,58996619,7,1322.0,1,115000.0,2,11,5,84,3,60052,1.0,2,1,0,0,0,0,0,0,0,0,8,4.0,5006.4,5006.4,60809.0,22000.0,0.5,2952.0,352.0,0.0,0.0,1.0,0.08232991826867733,0,0
0,59003447,7,1226.0,3,90000.0,2,11,-1,106,5,450089,200.0,3,2,0,0,0,0,0,0,0,0,88,29.333333333333332,305974.8,266407.2,500500.0,57200.0,0.6666666666666666,1410.0,1309.0,0.6572727272727272,0.0,1.0,0.6113382617382617,0,0
0,59005860,4,1256.0,1,68000.0,2,8,5,105,3,350058,163.86885,6,2,0,0,0,0,0,0,0,0,87,14.5,304010.4,240000.0,200500.0,156200.0,0.6666666666666666,1488.0,192.0,0.36615364916773363,0.0,1.0,1.5162613466334165,0,0
0,54986049,7,1268.0,1,379000.0,2,11,-1,108,5,151304,389.0372733,3,2,1,2,8,8,1943,1943,11,1,20,6.666666666666667,12585.6,11221.2,266500.0,119900.0,0.6666666666666666,2674.0,377.0,0.09358798999165972,0.3333333333333333,0.6451612903225806,0.04722551594746717,1,0
0,54986687,7,1341.5,3,112000.0,2,11,8,83,5,60090,1.0,6,3,0,0,0,0,0,0,0,0,116,19.333333333333332,77310.0,77310.0,74505.0,62700.0,0.8333333333333334,2506.0,1110.0,0.0,0.0,1.0,1.0376484799677874,0,0
0,58985236,5,1265.0,3,135000.0,2,15,5,100,5,151300,231.721816,17,4,4,0,0,0,8,6,4,2,305,17.941176470588236,3142683.6,2937228.0,2500500.0,625350.0,0.6470588235294118,4864.0,363.0,0.07347757255936675,0.11764705882352941,0.9870550161812298,1.2568220755848831,1,0
1,58995950,7,1218.5,1,101000.0,2,11,3,101,3,350100,273.86127880000004,19,6,5,2,0,0,148,106,7,2,228,12.0,924114.0,407744.4,940500.0,16500.0,0.9473684210526315,3415.0,318.0,0.9764363636363637,0.10526315789473684,0.9702127659574468,0.9825773524720893,1,0
0,58985870,5,1257.5,3,95000.0,2,15,5,93,5,60036,1.0,7,4,0,0,34,34,25844,25844,34,1,48,6.857142857142857,235110.0,171872.4,150500.0,82500.0,0.7142857142857143,2965.0,477.0,0.4960872727272727,0.14285714285714285,0.5853658536585366,1.5621926910299004,1,0
0,54988306,7,,2,102000.0,2,11,5,101,5,450027,173.20508080000002,4,1,0,0,0,0,0,0,0,0,50,12.5,56151.6,48396.0,49736.0,226600.0,0.25,892.0,389.0,0.2306054721977052,0.0,1.0,1.1289930834807784,0,1
0,54985355,7,1341.5,3,183000.0,2,11,5,78,5,151300,246.6049472,16,5,3,0,0,0,31,30,3,2,227,14.1875,1013436.0,566413.2,520500.0,92400.0,0.875,3678.0,458.0,0.0,0.125,0.9869565217391304,1.9470432276657061,1,0
0,54983198,5,1230.5,3,78000.0,2,15,5,85,5,72000,232.3790008,24,5,8,0,0,0,87,45,8,6,499,20.791666666666668,122235.6,105790.8,222500.0,381150.0,0.5833333333333334,4350.0,486.0,0.033951987406532866,0.25,0.9842209072978304,0.5493734831460675,1,0
1,54990623,4,,2,44000.0,2,8,5,89,3,72000,171.01461930000002,4,3,0,5,3,3,757,757,8,1,45,11.25,963430.8,480169.2,400500.0,37400.0,0.75,1743.0,481.0,1.0221176470588234,0.25,0.8490566037735849,2.4055700374531837,1,1
0,59002542,5,1257.5,3,35000.0,2,15,5,100,5,60036,200.0,1,1,0,0,0,0,0,0,0,0,8,8.0,17672.4,17672.4,16043.0,0.0,1.0,510.0,510.0,,0.0,1.0,1.101564545284548,0,0
0,54988718,7,1292.0,1,130000.0,2,11,5,108,3,60040,1.0,3,1,0,0,0,0,0,0,0,0,59,19.666666666666668,102789.6,42369.6,45708.0,114400.0,0.6666666666666666,1207.0,933.0,0.2130944055944056,0.0,1.0,2.248831714360725,0,0
0,58998715,4,1376.0,3,77000.0,2,8,9,113,5,151300,225.8362238,14,4,2,3,3,3,708,630,8,2,248,17.714285714285715,5889372.0,4248963.6,3591041.0,165000.0,0.6428571428571429,3616.0,555.0,0.0924290909090909,0.14285714285714285,0.96875,1.6400180337679242,1,0
0,59000887,4,1227.5,3,50000.0,2,8,5,100,3,60027,173.20508080000002,12,4,1,0,0,0,24,24,1,1,130,10.833333333333334,83174.4,43479.6,45500.0,61600.0,0.8333333333333334,1858.0,296.0,0.8318376623376623,0.08333333333333333,0.9923664122137404,1.828008791208791,1,0
0,59001300,4,1241.0,3,52000.0,2,8,5,110,4,151011,1.0,1,1,0,0,0,0,0,0,0,0,9,9.0,25512.0,25512.0,30607.0,0.0,1.0,625.0,625.0,,0.0,1.0,0.8335348122978403,0,0
0,58988028,5,1287.5,1,126000.0,2,15,5,107,3,350071,316.22776600000003,6,3,0,0,0,0,0,0,0,0,41,6.833333333333333,67611.59999999999,35868.0,30390.0,111100.0,0.8333333333333334,632.0,4.0,0.04883168316831683,0.0,1.0,2.2247976307996047,0,0
0,59001565,4,1302.5,3,143000.0,2,8,5,75,5,60014,1.0,6,2,0,0,0,0,0,0,0,0,43,7.166666666666667,150219.6,109609.2,118129.0,121000.0,0.8333333333333334,1824.0,482.0,0.9058611570247934,0.0,1.0,1.2716572560505888,0,0
0,54987865,7,1313.0,1,113000.0,2,11,5,107,5,60002,1.0,7,3,0,0,0,0,0,0,0,0,55,7.857142857142857,106486.8,106486.8,158500.0,14740.0,0.5714285714285714,3033.0,864.0,0.0,0.0,1.0,0.6718410094637224,0,0
0,58984737,5,1292.0,3,130000.0,2,15,2,111,4,71000,173.20508080000002,4,3,1,0,0,0,29,29,1,1,58,14.5,91010.4,88304.4,80040.0,118800.0,0.75,2864.0,394.0,0.012646464646464647,0.25,0.9830508474576272,1.1370614692653673,1,0
0,59002836,7,1263.5,3,120000.0,2,11,9,86,5,151300,1.0,7,1,0,0,0,0,0,0,0,0,136,19.428571428571427,24645.6,17310.0,51331.0,327800.0,0.2857142857142857,3056.0,525.0,0.05523733984136669,0.0,1.0,0.4801309150415928,0,0
0,58996551,7,1308.5,1,442000.0,2,11,9,106,4,151011,1.0,11,4,0,0,0,0,0,0,0,0,188,17.09090909090909,643840.8,418125.6,370938.0,150700.0,0.9090909090909091,3236.0,4.0,0.5783490378234903,0.0,1.0,1.7357100108373908,0,0
0,58988646,7,1265.0,3,118000.0,2,11,5,106,5,450080,626.8971207000001,8,4,8,8,0,0,762,381,16,2,112,14.0,33912.0,16956.0,61130.0,0.0,1.0,3416.0,674.0,,0.25,0.875,0.55475216751186,1,0
0,54989050,4,1163.0,3,42000.0,2,8,10,113,4,151300,1.0,2,1,1,0,0,0,7,7,1,1,28,14.0,36632.4,24421.2,37897.0,77000.0,0.5,986.0,700.0,0.3171584415584416,0.5,0.9655172413793104,0.9666306040055942,1,0
1,58997773,4,,2,45000.0,2,8,5,111,4,151300,173.20508080000002,4,3,0,0,0,0,0,0,0,0,36,9.0,364520.4,254113.2,303028.0,49500.0,0.75,937.0,454.0,0.9747393939393939,0.0,1.0,1.202926462241113,0,1
0,58991432,7,,2,117000.0,2,11,-1,87,3,332720,1.0,3,2,0,0,0,0,0,0,0,0,55,18.333333333333332,9470.4,9470.4,51536.0,0.0,1.0,2317.0,386.0,,0.0,1.0,0.18376280658180688,0,1
1,54984386,5,1245.5,3,81000.0,2,15,5,80,5,60004,1.0,7,5,3,3,0,0,257,240,6,2,108,15.428571428571429,239942.4,160904.4,250500.0,0.0,1.0,3526.0,1186.0,,0.2857142857142857,0.9473684210526315,0.9578538922155688,1,0
0,54988080,7,1253.0,3,72000.0,2,11,9,112,3,330008,165.9759019,2,2,0,0,0,0,0,0,0,0,28,14.0,69734.4,41330.4,60500.0,0.0,1.0,1049.0,696.0,,0.0,1.0,1.1526347107438015,0,0
0,59004100,4,1299.5,3,35000.0,2,8,5,111,3,60029,1.0,1,1,0,0,0,0,0,0,0,0,27,27.0,14038.8,14038.8,17265.0,36300.0,0.0,735.0,735.0,0.3867438016528925,0.0,1.0,0.813136403127715,0,0
0,59004930,4,1212.5,3,73000.0,2,8,5,85,3,72001,1.0,9,3,0,0,0,0,0,0,0,0,131,14.555555555555555,440782.8,280558.8,300500.0,165000.0,0.6666666666666666,1625.0,363.0,0.7359199999999999,0.0,1.0,1.4668312811980033,0,0
0,58982563,5,1356.5,3,198000.0,2,15,5,90,5,71000,173.20508080000002,8,4,0,0,0,0,0,0,0,0,92,11.5,511226.4,456098.4,406938.0,299200.0,0.625,2858.0,579.0,0.18425133689839573,0.0,1.0,1.256275894608024,0,0
0,54990557,4,1298.0,1,124000.0,2,8,5,89,3,151009,200.0,3,2,0,0,0,0,0,0,0,0,88,29.333333333333332,149434.8,102013.2,254500.0,136400.0,0.3333333333333333,1873.0,829.0,1.0955630498533724,0.0,1.0,0.5871701375245579,0,0
0,54983200,5,1287.5,3,102000.0,2,15,5,112,5,60062,173.20508080000002,3,3,0,0,0,0,0,0,0,0,47,15.666666666666666,129859.20000000001,122319.6,110500.0,0.0,1.0,1077.0,599.0,,0.0,1.0,1.1751963800904979,0,0
0,54990031,4,1275.5,3,90000.0,1,8,5,103,5,72049,173.20508080000002,3,2,0,0,0,0,0,0,0,0,62,20.666666666666668,248599.2,171703.2,150500.0,117700.0,0.6666666666666666,1344.0,477.0,0.6271401869158878,0.0,1.0,1.6518219269102992,0,0
1,58996172,7,1293.5,1,87000.0,2,11,5,113,3,450080,170.2468796,9,4,1,2,20,19,13017,12757,23,2,97,10.777777777777779,374368.8,120469.2,105500.0,0.0,1.0,3370.0,249.0,,0.2222222222222222,0.8083333333333333,3.5485194312796207,1,0
0,54985432,7,1260.5,3,115000.0,2,11,5,85,5,60084,1.0,12,3,0,0,0,0,0,0,0,0,217,18.083333333333332,172860.0,62887.2,100500.0,702900.0,0.3333333333333333,3460.0,589.0,0.15726163038839094,0.0,1.0,1.72,0,0
0,58997555,4,1266.5,3,207000.0,2,9,5,100,1,71002,316.22776600000003,24,5,0,0,0,0,0,0,0,0,390,16.25,381244.8,164737.2,138200.0,1719300.0,0.6666666666666666,4711.0,564.0,0.02532053742802303,0.0,1.0,2.758645441389291,0,0
0,58986294,5,1286.0,1,99000.0,2,15,-1,87,5,60000,1.0,8,3,0,0,0,0,0,0,0,0,77,9.625,198522.0,180030.0,217500.0,132000.0,0.625,2947.0,377.0,0.002909090909090909,0.0,1.0,0.9127448275862069,0,0
0,54985261,7,1353.5,1,187000.0,2,11,-1,114,5,340018,207.3644135,24,6,20,12,45,20,16421,8250,77,8,315,13.125,2329585.2,1587447.6,1354659.0,343200.0,0.875,4033.0,795.0,0.45646503496503493,0.3333333333333333,0.8035714285714286,1.7196838466359432,1,0
1,58983500,5,,2,45000.0,2,15,9,113,4,72000,118.6844556,1,1,2,0,0,0,47,47,2,1,25,25.0,196692.0,196692.0,250500.0,0.0,1.0,1205.0,1205.0,,1.0,0.9259259259259259,0.7851976047904191,1,1
0,58984900,5,1191.5,3,53000.0,2,15,5,114,4,72000,187.08286930000003,5,1,0,0,0,0,0,0,0,0,55,11.0,53827.2,25213.2,21511.0,81400.0,0.6,1102.0,499.0,0.1895823095823096,0.0,1.0,2.502310445818418,0,0
0,54987017,7,1241.0,3,54000.0,1,11,5,99,5,72003,164.3167673,5,4,0,0,0,0,0,0,0,0,40,8.0,455102.39999999997,220504.8,225500.0,27500.0,0.8,615.0,365.0,0.7408581818181817,0.0,1.0,2.018192461197339,0,0
0,58990826,7,,2,118000.0,2,11,9,107,5,72000,187.08286930000003,9,5,0,0,0,0,0,0,0,0,126,14.0,240205.19999999998,117780.0,160500.0,330000.0,0.5555555555555556,3150.0,401.0,0.06398181818181818,0.0,1.0,1.4966056074766354,0,1
1,58989592,7,1305.5,1,87000.0,2,11,-1,114,4,72000,186.4564292,2,2,1,0,0,0,7,7,1,1,13,6.5,367948.8,367981.2,404256.0,0.0,1.0,523.0,459.0,,0.5,0.9285714285714286,0.9101876038945619,1,0
0,58986188,5,1314.5,1,119000.0,2,15,-1,75,5,450063,194.9358869,5,2,0,0,0,0,0,0,0,0,37,7.4,94048.8,91509.6,80500.0,121000.0,0.6,1748.0,433.0,0.015084297520661158,0.0,1.0,1.1683080745341616,0,0
0,58997607,4,1268.0,1,118000.0,2,8,-1,95,3,330006,1.0,25,7,1,0,0,0,15,15,1,1,393,15.72,242785.19999999998,240938.4,902720.0,248600.0,0.84,7632.0,432.0,0.9729895414320192,0.04,0.9974619289340102,0.26894851116625307,1,0
0,59005490,4,1287.5,1,110000.0,2,8,5,89,5,72049,190.9345438,5,4,0,0,0,0,0,0,0,0,30,6.0,138792.0,123162.0,100500.0,93500.0,0.8,598.0,249.0,-1.283422459893048e-05,0.0,1.0,1.3810149253731343,0,0
0,58992082,7,1296.5,1,76000.0,2,11,10,113,4,72001,1.0,13,4,1,0,0,0,15,15,1,1,291,22.384615384615383,744450.0,354070.8,450500.0,303050.0,0.6153846153846154,3121.0,1068.0,1.1361174723642962,0.07692307692307693,0.9965753424657534,1.6524972253052164,1,0
0,54986028,7,1290.5,3,116000.0,2,11,5,85,5,151300,223.6067977,3,1,0,0,0,0,0,0,0,0,81,27.0,36642.0,22758.0,83708.0,27500.0,0.6666666666666666,1619.0,400.0,0.8275636363636364,0.0,1.0,0.4377359392172791,0,0
1,58993253,7,1328.0,1,127000.0,2,11,-1,112,4,60043,1.0,1,1,0,0,0,0,0,0,0,0,28,28.0,2077.2,2077.2,39462.0,0.0,1.0,1134.0,1134.0,,0.0,1.0,0.052637980842329325,0,0
0,58987165,5,1317.5,1,89000.0,2,15,9,114,4,450080,178.1375873,9,2,0,0,0,0,0,0,0,0,222,24.666666666666668,968517.6,313233.6,366500.0,668800.0,0.4444444444444444,3227.0,734.0,0.7785340909090909,0.0,1.0,2.642612824010914,0,0
0,58993081,7,1215.5,3,35000.0,2,11,9,113,4,60038,1.0,22,8,3,1,0,0,114,87,4,2,175,7.954545454545454,15157214.4,8220792.0,6880500.0,245300.0,0.9090909090909091,4322.0,386.0,0.8557863840195679,0.09090909090909091,0.9776536312849162,2.2029233921953346,1,0
0,58989270,7,1362.5,1,150000.0,2,11,-1,90,5,350020,316.22776600000003,13,2,3,0,0,0,23,21,3,2,172,13.23076923076923,1399490.4000000001,1317567.6,1178500.0,250800.0,0.9230769230769231,8328.0,537.0,-0.00033014354066985646,0.15384615384615385,0.9828571428571429,1.1875183708103523,1,0
0,59004226,4,,2,38000.0,2,8,9,109,4,60028,158.11388300000002,1,1,0,0,0,0,0,0,0,0,13,13.0,21616.8,21616.8,18514.0,0.0,1.0,520.0,520.0,,0.0,1.0,1.1675920924705627,0,1
0,58984371,5,1263.5,3,126000.0,2,15,5,113,4,72000,1.0,6,2,0,0,0,0,0,0,0,0,73,12.166666666666666,367143.6,326163.6,280500.0,115500.0,0.8333333333333334,1437.0,511.0,0.324425974025974,0.0,1.0,1.3088898395721924,0,0
0,58990002,7,1277.0,3,101000.0,2,11,9,106,4,450050,200.0699878,9,3,1,0,0,0,30,30,1,1,146,16.22222222222222,988377.6,945799.2,800500.0,143000.0,0.6666666666666666,3246.0,819.0,0.1386041958041958,0.1111111111111111,0.9931972789115646,1.2347003123048095,1,0
0,58994284,7,1214.0,3,81000.0,2,11,9,114,4,450012,204.9390153,10,3,0,0,0,0,0,0,0,0,73,7.3,316209.6,120000.0,100500.0,55000.0,0.8,687.0,267.0,0.763549090909091,0.0,1.0,3.146364179104477,0,0
0,58983376,5,1272.5,3,49000.0,2,15,-1,86,5,330004,200.0,17,3,0,0,0,0,0,0,0,0,267,15.705882352941176,888133.2000000001,867148.8,1000500.0,264000.0,0.7647058823529411,1898.0,735.0,-0.005090909090909091,0.0,1.0,0.887689355322339,0,0
0,59003524,4,1322.0,1,87000.0,2,8,5,90,4,151300,1.0,2,1,0,0,0,0,0,0,0,0,9,4.5,31368.0,28654.8,29122.0,108900.0,0.5,447.0,277.0,0.263129476584022,0.0,1.0,1.0771238239131928,0,0
0,59000414,4,1356.5,1,220000.0,2,8,5,107,4,151011,1.0,3,1,0,0,0,0,0,0,0,0,71,23.666666666666668,86343.6,68722.8,127651.0,185900.0,0.6666666666666666,1566.0,1350.0,0.3696761699838623,0.0,1.0,0.6764036317772677,0,0
0,54990550,4,1313.0,3,338000.0,2,8,5,90,5,60004,1.0,3,1,0,0,0,0,0,0,0,0,77,25.666666666666668,21946.800000000003,21998.4,31903.0,148610.0,0.3333333333333333,2184.0,571.0,-0.00034721754929008817,0.0,1.0,0.6879227658840862,0,0
0,59002145,4,1358.0,3,162000.0,2,8,5,110,4,72001,1.0,7,3,0,0,0,0,0,0,0,0,106,15.142857142857142,334263.6,307968.0,448500.0,128700.0,0.5714285714285714,3877.0,321.0,0.02537995337995338,0.0,1.0,0.7452923076923076,0,0
0,54983229,5,1310.0,3,270000.0,2,15,5,115,4,60019,299.9533297,14,4,20,2,39,21,12017,7782,61,4,140,10.0,292437.6,151706.4,147965.0,73700.0,0.9285714285714286,4135.0,370.0,0.9955603799185889,0.2857142857142857,0.6965174129353234,1.976397120940763,1,0
0,59003330,4,1260.5,3,110000.0,2,8,5,109,4,151300,1.0,5,2,0,0,0,0,0,0,0,0,84,16.8,49632.0,18000.0,92016.0,0.0,1.0,1886.0,263.0,,0.0,1.0,0.5393844548774126,0,0
0,54984987,5,1296.5,1,130000.0,2,15,5,110,3,361039,187.08286930000003,5,1,0,0,0,0,0,0,0,0,50,10.0,68566.79999999999,55591.2,94856.0,119900.0,0.8,919.0,281.0,0.4636463719766472,0.0,1.0,0.7228514801383148,0,0
0,54986472,7,1250.0,3,82000.0,2,11,5,105,5,72000,1.0,3,1,0,0,0,0,0,0,0,0,18,6.0,19897.199999999997,15478.8,25038.0,95700.0,0.3333333333333333,645.0,282.0,0.16887774294670846,0.0,1.0,0.7946800862688712,0,0
0,58994630,7,1226.0,3,61000.0,2,11,9,105,3,151300,1.0,3,2,8,3,2,2,613,600,13,2,64,21.333333333333332,29245.2,29245.2,130054.0,85800.0,0.3333333333333333,4798.0,1287.0,0.3408531468531469,0.6666666666666666,0.8311688311688312,0.2248696695218909,1,0
0,58998147,4,1296.5,3,94000.0,2,8,9,114,4,60058,1.0,3,1,0,0,0,0,0,0,0,0,53,17.666666666666668,81312.0,51854.4,101008.0,113300.0,0.6666666666666666,1089.0,710.0,0.4576734333627538,0.0,1.0,0.8050055441153176,0,0
0,58994981,7,,2,72000.0,2,11,5,109,3,60019,169.4845126,2,1,0,0,0,0,0,0,0,0,30,15.0,38649.6,38649.6,87039.0,0.0,1.0,1465.0,580.0,,0.0,1.0,0.44404921931547925,0,1
0,54987053,7,1245.5,3,58000.0,2,11,5,85,5,60024,1.0,11,3,4,0,0,0,63,63,4,1,73,6.636363636363637,105558.0,52250.4,56400.0,55000.0,0.9090909090909091,1732.0,126.0,0.9500072727272727,0.09090909090909091,0.948051948051948,1.871595744680851,1,0
0,54985643,7,,3,203000.0,2,11,-1,107,4,450012,158.11388300000002,6,2,0,0,0,0,0,0,0,0,93,15.5,259371.59999999998,127154.4,172779.0,198000.0,0.5,1633.0,475.0,0.6219818181818182,0.0,1.0,1.501175490076919,0,1
1,54988283,7,,2,70000.0,2,11,9,110,4,151304,187.08286930000003,3,3,5,6,31,18,10044,6360,42,2,26,8.666666666666666,-60.0,0.0,100500.0,0.0,1.0,3195.0,670.0,,0.6666666666666666,0.38235294117647056,-0.0005970149253731343,1,1
1,54986538,7,1223.0,3,55000.0,2,11,5,89,5,60069,1.0,7,3,0,0,0,0,0,0,0,0,61,8.714285714285714,420876.0,361909.2,358168.0,58300.0,0.7142857142857143,836.0,389.0,0.2337221269296741,0.0,1.0,1.1750798507962743,0,0
0,54985621,7,1338.5,3,162000.0,2,11,5,108,5,151300,200.0,20,4,3,0,0,0,35,30,3,2,357,17.85,804314.4,686192.4,723600.0,511500.0,0.65,3640.0,1310.0,0.14096891495601171,0.1,0.9916666666666667,1.1115456053067994,1,0
0,58989576,7,1272.5,3,119000.0,2,11,5,82,5,60068,202.4845673,7,1,0,0,0,0,0,0,0,0,136,19.428571428571427,6094.8,3296.4,37425.0,159500.0,0.7142857142857143,3421.0,751.0,0.01499435736677116,0.0,1.0,0.16285370741482966,0,0
1,58990902,7,1215.5,3,58000.0,2,11,5,96,5,60033,158.11388300000002,3,2,0,0,0,0,0,0,0,0,30,10.0,125442.0,60709.2,84500.0,114400.0,0.6666666666666666,714.0,500.0,0.5306748251748251,0.0,1.0,1.4845207100591715,0,0
0,58990187,7,1364.0,3,260000.0,2,11,5,96,5,60007,1.0,7,5,0,0,0,0,0,0,0,0,198,28.285714285714285,57306.0,48302.4,98500.0,83600.0,0.7142857142857143,3956.0,891.0,0.06350239234449762,0.0,1.0,0.5817868020304569,0,0
1,59001975,4,1179.5,3,49000.0,1,8,5,105,5,60032,173.20508080000002,5,2,2,0,0,0,18,18,2,1,53,10.6,54502.8,36462.0,51055.0,42900.0,0.8,1426.0,563.0,0.8499300699300699,0.2,0.9636363636363636,1.0675310939183233,1,0
1,58999754,4,1310.0,3,88000.0,2,8,5,100,5,60005,1.0,10,3,6,0,0,0,70,33,6,3,177,17.7,176840.4,101089.2,92585.0,287100.0,0.6,3820.0,814.0,0.45843678160919543,0.3,0.9672131147540983,1.9100329427013014,1,0
0,58994117,7,1323.5,1,122000.0,2,11,5,86,3,151300,1.0,5,3,1,2,2,2,391,391,5,1,75,15.0,278037.6,234730.8,247500.0,11000.0,0.8,3259.0,659.0,0.0,0.2,0.9375,1.1233842424242424,1,0
1,59001900,4,1256.0,3,180000.0,2,8,5,105,5,60018,1.0,5,1,6,0,0,0,91,60,6,3,166,33.2,208168.8,105274.8,142956.0,449900.0,0.2,3774.0,1189.0,0.4627001555901311,0.6,0.9651162790697675,1.4561739276420715,1,0
1,58984653,5,,2,44000.0,2,15,5,111,5,151300,169.6113204,7,3,4,3,103,35,69435,29922,110,4,46,6.571428571428571,2068850.4000000001,1968345.6,1500500.0,0.0,1.0,3490.0,605.0,,0.5714285714285714,0.2948717948717949,1.3787740086637787,1,1
0,58987232,5,,3,71000.0,2,15,-1,90,4,450000,158.11388300000002,3,1,0,0,0,0,0,0,0,0,54,18.0,52.80000000000109,11192.4,45736.0,118800.0,0.6666666666666666,1754.0,249.0,0.0012222222222222222,0.0,1.0,0.0011544516354731742,0,1
0,58986183,5,,2,72000.0,2,15,5,114,5,350050,168.6979549,6,4,0,0,0,0,0,0,0,0,54,9.0,555787.2,291978.0,400500.0,34100.0,0.8333333333333334,2089.0,343.0,-0.04018768328445748,0.0,1.0,1.3877333333333333,0,1
0,59006139,6,1241.0,1,74000.0,2,6,-1,105,3,60027,200.0,4,3,0,0,0,0,0,0,0,0,29,7.25,58609.2,27901.2,140500.0,59400.0,0.75,904.0,185.0,0.15878787878787878,0.0,1.0,0.41714733096085405,0,0
0,58994409,7,1227.5,3,67000.0,2,11,5,85,5,151009,1.0,5,2,0,1,22,22,17608,17575,23,2,85,17.0,43969.2,19444.8,29560.0,47300.0,0.6,3939.0,294.0,0.4110951374207188,0.4,0.7870370370370371,1.4874560216508794,1,0
1,58995436,7,1256.0,3,96000.0,2,11,5,102,3,72000,200.0,6,3,0,0,0,0,0,0,0,0,47,7.833333333333333,211722.0,84460.8,70883.0,168300.0,0.5,1744.0,314.0,0.838409982174688,0.0,1.0,2.9869221110844633,0,0
1,59002628,4,1218.5,3,48000.0,2,8,5,90,5,72001,187.08286930000003,6,5,1,0,0,0,17,17,1,1,81,13.5,747655.2000000001,633592.8,404500.0,39600.0,0.8333333333333334,1592.0,461.0,0.7097878787878787,0.16666666666666666,0.9878048780487805,1.8483441285537703,1,0
0,58990626,7,1227.5,3,250000.0,2,11,9,100,5,60054,187.08286930000003,3,1,0,0,0,0,0,0,0,0,73,24.333333333333332,178534.8,134372.4,112477.0,191400.0,0.3333333333333333,1261.0,934.0,0.9191786833855798,0.0,1.0,1.5873005147719088,0,0
0,58986997,5,1316.0,3,141000.0,2,15,5,99,4,550004,223.6067977,3,1,0,0,0,0,0,0,0,0,45,15.0,146239.2,111864.0,132492.0,226600.0,0.3333333333333333,3166.0,594.0,0.5709426301853486,0.0,1.0,1.1037587175074723,0,0
0,58982507,5,1449.5,3,90000.0,2,15,5,107,4,60091,158.11388300000002,1,1,0,0,0,0,0,0,0,0,26,26.0,2235.6,2235.6,11499.0,0.0,1.0,3544.0,3544.0,,0.0,1.0,0.1944169058178972,0,0
1,59002472,7,1245.5,3,65000.0,1,11,5,109,5,151300,173.20508080000002,5,1,0,0,0,0,0,0,0,0,122,24.4,36480.0,23824.8,23203.0,133100.0,0.4,1315.0,477.0,0.26527122464312547,0.0,1.0,1.572210490022842,0,0
1,54983232,5,1230.5,3,72000.0,2,15,9,113,4,151304,173.20508080000002,6,2,2,0,0,0,58,58,2,1,89,14.833333333333334,364488.0,229024.8,281120.0,190300.0,0.5,1323.0,507.0,0.05503100367840253,0.16666666666666666,0.978021978021978,1.2965566306203757,1,0
0,58997719,4,1223.0,3,63000.0,2,8,5,91,5,60095,228.035085,3,1,0,0,0,0,0,0,0,0,36,12.0,81960.0,62587.2,86575.0,165000.0,0.3333333333333333,1001.0,516.0,0.4314181818181818,0.0,1.0,0.9466936182500721,0,0
1,59001617,4,1304.0,3,35000.0,2,8,5,110,4,72000,200.0,1,1,0,0,0,0,0,0,0,0,8,8.0,8661.6,8661.6,21219.0,0.0,1.0,579.0,579.0,,0.0,1.0,0.40820019793581225,0,0
0,58998223,4,1241.0,3,50000.0,2,8,9,105,3,72000,255.4838547,6,2,2,0,0,0,29,15,2,2,178,29.666666666666668,108492.0,48170.4,200500.0,236500.0,0.6666666666666666,2776.0,1741.0,0.05137928118393235,0.3333333333333333,0.9888888888888889,0.5411072319201995,1,0
0,54988666,7,1262.0,1,94000.0,2,11,5,89,3,60018,187.08286930000003,4,3,4,0,0,0,57,57,4,1,46,11.5,237912.0,151302.0,142500.0,0.0,1.0,1314.0,263.0,,0.25,0.92,1.6695578947368421,1,0
0,54991404,4,1278.5,1,201000.0,2,8,5,102,5,72000,1.0,14,3,6,3,1,1,451,390,10,2,251,17.928571428571427,569900.4,208176.0,380500.0,416900.0,0.7142857142857143,4317.0,573.0,0.49199424322379476,0.14285714285714285,0.9616858237547893,1.4977671484888306,1,0
0,58982423,2,1407.5,1,153000.0,2,3,9,112,5,151309,1.0,4,3,0,0,0,0,0,0,0,0,64,16.0,500088.0,500866.8,660500.0,0.0,1.0,4036.0,766.0,,0.0,1.0,0.7571355034065103,0,0
0,58989777,7,1274.0,1,240000.0,2,11,-1,104,5,350100,300.0,11,3,0,0,0,0,0,0,0,0,164,14.909090909090908,839300.3999999999,488848.8,405500.0,473000.0,0.5454545454545454,4388.0,408.0,0.6024761099365751,0.0,1.0,2.069791368680641,0,0
1,59000101,4,1223.0,3,50000.0,2,8,5,110,4,72000,173.20508080000002,3,2,0,0,0,0,0,0,0,0,27,9.0,59476.8,32974.8,42735.0,45100.0,0.6666666666666666,1004.0,637.0,0.731148558758315,0.0,1.0,1.3917585117585118,0,0
0,54988259,7,1218.5,3,67000.0,1,11,5,114,4,72000,237.0442997,10,4,0,0,0,0,0,0,0,0,60,6.0,525956.3999999999,374710.8,410500.0,118800.0,0.8,932.0,157.0,0.4312222222222222,0.0,1.0,1.2812579780755173,0,0
1,54983809,5,1299.5,3,30000.0,2,15,5,100,5,350059,316.22776600000003,3,3,0,0,0,0,0,0,0,0,9,3.0,111667.2,63967.2,58831.0,0.0,1.0,1394.0,405.0,,0.0,1.0,1.8981013411296765,0,0
0,58989278,7,1278.5,3,114000.0,2,11,9,112,1,60010,200.0,6,3,1,0,0,0,21,21,1,1,59,9.833333333333334,610581.6,312142.8,466842.0,0.0,1.0,1190.0,486.0,,0.16666666666666666,0.9833333333333333,1.3078977469893454,1,0
0,58987186,5,1230.5,3,61000.0,2,15,5,109,4,60020,173.20508080000002,2,1,0,0,0,0,0,0,0,0,26,13.0,143434.8,82473.6,105024.0,83600.0,0.5,744.0,529.0,0.729200956937799,0.0,1.0,1.3657335466179157,0,0
1,58999712,4,,2,63000.0,2,8,5,111,5,60000,160.77002209999998,8,4,0,2,5,5,870,870,7,1,102,12.75,362142.0,186064.8,184879.0,53900.0,0.75,2944.0,349.0,0.3684601113172542,0.125,0.9357798165137615,1.958805488995505,1,1
0,58998988,4,1239.5,3,103000.0,2,8,5,103,5,60036,244.94897430000003,5,3,0,0,0,0,0,0,0,0,70,14.0,446917.2,155382.0,170500.0,119900.0,0.8,2167.0,367.0,0.9390325271059216,0.0,1.0,2.621215249266862,0,0
0,58996773,7,1214.0,3,74000.0,2,11,5,110,4,60058,204.9390153,10,3,0,0,0,0,0,0,0,0,106,10.6,610795.2000000001,306798.0,314938.0,147400.0,0.8,913.0,63.0,0.46489823609226594,0.0,1.0,1.9394141069035813,0,0
0,54991294,4,1256.0,3,101000.0,2,8,9,110,5,60084,1.0,10,4,2,0,0,0,30,30,2,1,107,10.7,69739.2,48000.0,90500.0,51700.0,0.8,2434.0,32.0,0.36986460348162475,0.1,0.981651376146789,0.7705988950276242,1,0
0,54990417,4,1239.5,3,65000.0,2,8,5,92,5,151300,200.0,2,1,0,0,0,0,0,0,0,0,28,14.0,25593.6,19570.8,30637.0,111100.0,0.5,839.0,616.0,0.17615481548154815,0.0,1.0,0.8353820543786924,0,0
0,54986797,7,1254.5,3,81000.0,2,11,5,110,5,60057,200.0,17,5,16,2,0,0,323,173,18,5,357,21.0,310165.2,200833.2,540500.0,281600.0,0.8235294117647058,5644.0,282.0,0.10651278409090909,0.29411764705882354,0.952,0.5738486586493987,1,0
0,58997216,7,1340.0,1,296000.0,2,11,5,110,5,72000,1.0,1,1,0,0,0,0,0,0,0,0,26,26.0,2460.0,2460.0,35921.0,0.0,1.0,1191.0,1191.0,,0.0,1.0,0.0684836168258122,0,0
0,58987530,5,1304.0,1,146000.0,2,15,5,90,3,350008,1.0,10,2,1,2,3,3,630,630,6,1,149,14.9,20536.8,13212.0,84876.0,313638.6,0.3,4715.0,477.0,0.0654791852788528,0.1,0.9612903225806452,0.24196239219567367,1,0
0,54986125,7,1266.5,1,111000.0,2,11,-1,79,5,60026,1.0,2,1,0,0,0,0,0,0,0,0,13,6.5,63261.6,63327.6,104942.0,115500.0,0.5,701.0,543.0,0.548290909090909,0.0,1.0,0.6028244172971736,0,0
1,58985005,5,1316.0,3,48000.0,2,15,5,114,4,450033,297.5281499,11,5,0,0,0,0,0,0,0,0,168,15.272727272727273,566196.0,281212.8,316500.0,0.0,1.0,3821.0,553.0,,0.0,1.0,1.7889289099526067,0,0
0,54987215,7,1296.5,3,136000.0,2,11,5,115,4,71002,220.2271555,21,6,2,0,0,0,13,7,2,2,304,14.476190476190476,477838.80000000005,217575.6,245500.0,110000.0,0.9047619047619048,4055.0,217.0,0.599530909090909,0.09523809523809523,0.9934640522875817,1.9463902240325868,1,0
0,58996654,7,1340.0,1,80000.0,2,11,5,110,4,71002,162.4869226,2,1,0,0,0,0,0,0,0,0,24,12.0,5696.4,6235.2,63490.0,69300.0,0.5,1156.0,798.0,-0.007774891774891774,0.0,1.0,0.08972121593951803,0,0
1,58997183,7,1272.5,1,50000.0,1,11,-1,107,3,60085,1.0,3,2,0,0,0,0,0,0,0,0,24,8.0,30109.2,30109.2,34900.0,0.0,1.0,2039.0,246.0,,0.0,1.0,0.8627277936962751,0,0
1,59001375,4,1305.5,3,65000.0,2,8,9,80,5,60041,204.9390153,1,1,0,0,0,0,0,0,0,0,18,18.0,5385.6,5385.6,29889.0,0.0,1.0,943.0,943.0,,0.0,1.0,0.18018669075579646,0,0
0,54990272,4,1230.5,3,85000.0,2,8,5,86,5,72000,1.0,10,4,0,0,0,0,0,0,0,0,155,15.5,712815.6,421640.4,417500.0,109450.0,0.8,1368.0,491.0,0.755106441297396,0.0,1.0,1.7073427544910178,0,0
1,58991085,7,,2,93000.0,2,11,5,108,5,60000,189.2247341,5,3,0,0,0,0,0,0,0,0,100,20.0,450566.4,168735.6,200500.0,0.0,1.0,1610.0,772.0,,0.0,1.0,2.247213965087282,0,1
0,58988942,7,1325.0,1,80000.0,2,12,-1,82,3,60026,1.0,9,4,0,0,0,0,0,0,0,0,176,19.555555555555557,973027.2,468482.4,600500.0,227700.0,0.6666666666666666,3220.0,458.0,0.10288274044795785,0.0,1.0,1.6203616985845128,0,0
1,54989207,4,,2,49000.0,1,8,2,114,4,71000,180.2803373,4,2,0,0,0,0,0,0,0,0,26,6.5,549213.6,240379.2,200500.0,37400.0,0.75,729.0,356.0,1.173144385026738,0.0,1.0,2.739219950124688,0,1
0,58985578,5,1311.5,3,115000.0,2,15,9,88,5,60014,200.0,11,3,0,0,0,0,0,0,0,0,216,19.636363636363637,80664.0,43213.2,66160.0,150150.0,0.5454545454545454,3205.0,359.0,0.3020979020979021,0.0,1.0,1.2192261185006046,0,0
1,54988051,7,1266.5,1,103000.0,2,11,5,89,5,60061,1.0,2,1,0,0,0,0,0,0,0,0,8,4.0,34663.200000000004,32210.4,46322.0,116600.0,0.5,438.0,93.0,0.27624699828473415,0.0,1.0,0.7483096584776133,0,0
0,59004571,4,1241.0,1,115000.0,2,8,5,105,3,151300,221.3594362,3,1,0,0,0,0,0,0,0,0,29,9.666666666666666,64731.6,34393.2,55225.0,170500.0,0.3333333333333333,741.0,506.0,0.3796574780058651,0.0,1.0,1.1721430511543685,0,0
0,58982587,5,1289.0,3,74000.0,1,15,5,109,5,60088,223.6067977,3,2,0,0,0,0,0,0,0,0,16,5.333333333333333,129993.6,120000.0,100500.0,0.0,1.0,1058.0,371.0,,0.0,1.0,1.293468656716418,0,0
1,54984134,5,1230.5,3,35000.0,2,15,5,112,5,60057,1.0,10,5,2,0,31,31,26286,26248,33,2,148,14.8,713496.0,544650.0,500500.0,18700.0,0.9,5144.0,703.0,2.141967914438503,0.2,0.8176795580110497,1.4255664335664335,1,0
0,54983411,5,,3,35000.0,2,15,9,113,4,72000,226.508278,7,2,0,0,0,0,0,0,0,0,69,9.857142857142858,1808542.8,845082.0,854500.0,304700.0,0.5714285714285714,1022.0,447.0,0.9338103052182475,0.0,1.0,2.1164924517261556,0,1
0,58983482,5,1367.0,3,127000.0,2,15,5,101,5,60054,223.6067977,19,5,1,0,0,0,30,30,1,1,378,19.894736842105264,5469555.600000001,3348864.0,2900500.0,344410.0,0.5263157894736842,4406.0,423.0,0.03031270869022386,0.05263157894736842,0.9973614775725593,1.8857285295638684,1,0
0,54992564,7,1350.5,3,130000.0,1,11,5,97,5,60016,173.20508080000002,5,2,0,0,0,0,0,0,0,0,82,16.4,29552.399999999998,29559.6,97319.0,245300.0,0.4,2013.0,431.0,-2.9351814105177335e-05,0.0,1.0,0.3036652657754395,0,0
0,54985110,7,1206.5,3,66000.0,2,11,5,104,5,60000,173.20508080000002,5,2,1,0,0,0,12,12,1,1,87,17.4,-1050.0,1933.2,100500.0,68200.0,0.8,1474.0,555.0,0.028346041055718477,0.2,0.9886363636363636,-0.010447761194029851,1,0
0,54991585,4,1271.0,3,120000.0,2,8,5,89,3,60001,200.0,8,3,0,0,0,0,0,0,0,0,83,10.375,330054.0,170060.4,321347.0,291500.0,0.625,1420.0,187.0,0.363326243567753,0.0,1.0,1.0270953206347033,0,0
1,59003280,4,1241.0,3,68000.0,2,8,5,102,4,60020,173.20508080000002,1,1,0,0,0,0,0,0,0,0,11,11.0,45915.6,45915.6,73036.0,0.0,1.0,625.0,625.0,,0.0,1.0,0.6286707924858973,0,0
0,58997314,4,1406.0,1,208000.0,2,8,-1,112,5,340001,223.6067977,14,6,3,3,14,14,4591,4560,20,3,209,14.928571428571429,3034343.9999999995,2223022.8,1940260.0,105600.0,0.9285714285714286,4438.0,428.0,0.19314772727272728,0.21428571428571427,0.9126637554585153,1.5638852524919338,1,0
0,58994376,7,1443.5,3,162000.0,2,11,9,110,5,72014,328.16002189999995,7,3,0,0,0,0,0,0,0,0,139,19.857142857142858,5610510.0,5610511.2,4800500.0,0.0,1.0,3359.0,1389.0,,0.0,1.0,1.168734506822206,0,0
0,54986165,7,1308.5,1,110000.0,2,11,5,108,4,60004,1.0,3,3,0,0,0,0,0,0,0,0,40,13.333333333333334,5314.8,4560.0,100500.0,0.0,1.0,1232.0,550.0,,0.0,1.0,0.05288358208955224,0,0
0,54986113,7,1343.0,1,157000.0,2,11,-1,103,5,72000,1.0,6,3,0,0,0,0,0,0,0,0,70,11.666666666666666,688185.6,633732.0,549938.0,51700.0,0.8333333333333334,2872.0,416.0,0.9398762088974855,0.0,1.0,1.2513876109670545,0,0
0,59003191,4,1278.5,3,97000.0,2,8,5,100,3,72015,223.6067977,3,1,0,0,0,0,0,0,0,0,29,9.666666666666666,5990.400000000001,3178.8,28398.0,69300.0,0.6666666666666666,690.0,403.0,-1.7316017316017315e-05,0.0,1.0,0.21094443270652866,0,0
0,58988853,7,1290.5,3,116000.0,1,11,5,109,4,60062,196.4942747,11,4,0,0,0,0,0,0,0,0,136,12.363636363636363,640761.6,483700.8,448259.0,214500.0,0.7272727272727273,2591.0,492.0,0.06685874125874125,0.0,1.0,1.4294450306630764,0,0
0,58994395,7,1281.5,3,99000.0,2,11,9,114,5,60052,1.0,6,4,0,0,0,0,0,0,0,0,80,13.333333333333334,184257.6,105087.6,400500.0,95700.0,0.8333333333333334,1380.0,464.0,1.0980940438871474,0.0,1.0,0.4600689138576779,0,0
0,58996507,7,1214.0,3,58000.0,2,11,9,103,4,60091,1.0,2,1,0,0,0,0,0,0,0,0,22,11.0,42522.0,35470.8,47575.0,67100.0,0.5,647.0,438.0,0.5286259314456037,0.0,1.0,0.8937887545980031,0,0
0,58987276,5,,3,50000.0,2,15,9,110,5,450080,194.9358869,39,9,1,0,0,0,19,19,1,1,813,20.846153846153847,6549897.6,2011663.2,2000500.0,1735250.0,0.7435897435897436,4015.0,65.0,0.5966176631609279,0.02564102564102564,0.9987714987714987,3.2741302674331414,1,1
1,54988520,7,1227.5,3,90000.0,1,11,5,100,3,60040,158.11388300000002,2,2,0,0,0,0,0,0,0,0,28,14.0,106921.20000000001,90729.6,83500.0,0.0,1.0,947.0,280.0,,0.0,1.0,1.2804934131736527,0,0
0,59001486,4,1295.0,1,30000.0,2,8,-1,93,5,350052,316.22776600000003,25,5,11,1,0,0,118,57,12,5,261,10.44,2120164.8,1966988.4,3000500.0,739819.3,0.8,8206.0,217.0,0.004895249421041056,0.2,0.9560439560439561,0.7066038326945508,1,0
0,54991474,4,1256.0,1,129000.0,2,8,9,110,5,60042,1.0,7,2,0,0,0,0,0,0,0,0,96,13.714285714285714,266774.4,264271.2,300500.0,212300.0,0.5714285714285714,2621.0,621.0,0.004194065002355158,0.0,1.0,0.8877683860232946,0,0
0,58983868,5,1304.0,3,150000.0,2,15,5,105,5,550107,264.5751311,5,1,0,0,0,0,0,0,0,0,126,25.2,53638.799999999996,34465.2,58969.0,309100.0,0.4,2730.0,1126.0,0.12389388547395665,0.0,1.0,0.909610134138276,0,0
0,59004748,4,,2,105000.0,2,8,5,109,3,60014,187.08286930000003,3,3,0,0,0,0,0,0,0,0,54,18.0,561915.6,520462.8,543500.0,0.0,1.0,1642.0,720.0,,0.0,1.0,1.0338833486660532,0,1
1,54991108,4,1269.5,1,210000.0,2,8,-1,84,3,330012,1.0,10,5,10,0,0,0,290,270,10,2,51,5.1,335403.6,98341.2,90500.0,192500.0,0.9,1781.0,234.0,0.16294441558441558,0.2,0.8360655737704918,3.7061171270718227,1,0
0,54991470,4,1338.5,1,150000.0,2,8,5,110,5,60029,316.22776600000003,20,4,0,0,0,0,0,0,0,0,336,16.8,1061266.8,506546.4,900500.0,767800.0,0.85,4193.0,631.0,0.41938890336025003,0.0,1.0,1.1785305941143809,0,0
0,54991497,4,1347.5,1,138000.0,2,8,5,102,5,60013,181.6590212,10,6,0,0,0,0,0,0,0,0,162,16.2,167546.4,72000.0,53500.0,49500.0,0.9,3879.0,306.0,-0.0031515151515151517,0.0,1.0,3.1317084112149534,0,0
0,58991640,7,1310.0,1,140000.0,2,11,5,90,5,60002,200.0,10,3,2,3,34,32,20145,19605,39,3,92,9.2,108836.40000000001,47428.8,410500.0,82500.0,0.9,3970.0,386.0,0.5748945454545454,0.3,0.7022900763358778,0.26513130328867235,1,0
0,59000580,4,1244.0,3,116000.0,2,8,5,111,4,60002,1.0,2,1,0,0,0,0,0,0,0,0,40,20.0,55810.799999999996,32875.2,33800.0,127600.0,0.5,1119.0,623.0,0.17974608150470217,0.0,1.0,1.651207100591716,0,0
1,54984634,5,,3,111000.0,2,15,5,99,3,350075,164.3167673,5,3,1,3,0,0,114,114,4,1,38,7.6,472874.39999999997,384000.0,320500.0,48400.0,0.8,2230.0,254.0,1.1754297520661157,0.2,0.9047619047619048,1.4754271450858034,1,1
0,59000958,4,1262.0,1,360000.0,2,8,-1,113,4,151300,200.0,6,1,1,0,0,0,30,30,1,1,144,24.0,14611.199999999999,6721.2,116088.0,370700.0,0.3333333333333333,3112.0,435.0,0.021284057189101698,0.16666666666666666,0.993103448275862,0.12586313830886914,1,0
0,58994712,7,1287.5,1,135000.0,2,11,5,109,4,72000,1.0,3,2,0,0,0,0,0,0,0,0,41,13.666666666666666,132685.19999999998,112532.4,140500.0,178200.0,0.3333333333333333,893.0,236.0,0.11309090909090909,0.0,1.0,0.9443786476868327,0,0
0,58990727,7,1469.0,3,103000.0,2,11,5,71,5,60092,1.0,9,5,3,3,24,24,11325,11255,30,2,120,13.333333333333334,0.0,0.0,300500.0,5500.0,0.8888888888888888,3830.0,2778.0,0.0,0.2222222222222222,0.8,0.0,1,0
0,59005598,4,,2,108000.0,2,8,-1,108,3,340000,184.7241186,18,6,2,0,0,0,50,25,2,2,250,13.88888888888889,928375.2,464187.6,420500.0,0.0,1.0,6153.0,645.0,,0.1111111111111111,0.9920634920634921,2.207788822829964,1,1
0,58998925,4,1311.5,3,150000.0,2,8,9,83,5,60052,1.0,3,2,0,0,0,0,0,0,0,0,51,17.0,29457.6,24112.8,32870.0,57200.0,0.6666666666666666,2823.0,686.0,0.0,0.0,1.0,0.8961849710982659,0,0
0,58994035,7,1302.5,1,110000.0,2,11,5,108,4,151002,1.0,5,2,0,0,0,0,0,0,0,0,55,11.0,102157.20000000001,71392.8,66500.0,57200.0,0.8,998.0,94.0,0.2754125874125874,0.0,1.0,1.5361984962406017,0,0
1,54988154,7,,2,56000.0,2,11,5,113,3,366001,165.9307084,2,2,0,0,0,0,0,0,0,0,18,9.0,208148.40000000002,182227.2,250500.0,0.0,1.0,717.0,93.0,,0.0,1.0,0.8309317365269462,0,1
0,59004290,4,1257.5,3,113000.0,2,8,5,100,5,60014,1.0,3,1,0,0,0,0,0,0,0,0,51,17.0,162272.4,121910.4,107265.0,224400.0,0.3333333333333333,1359.0,678.0,0.7231390374331551,0.0,1.0,1.5128177877219968,0,0
0,54984577,5,1311.5,1,91000.0,1,15,7,113,4,151306,1.0,5,2,0,0,0,0,0,0,0,0,71,14.2,2479944.0,2128604.4,2025500.0,292600.0,0.6,1640.0,290.0,0.94946001367054,0.0,1.0,1.2243613922488275,0,0
0,59002087,4,1287.5,3,127000.0,2,8,5,111,3,60059,200.0,2,1,0,0,0,0,0,0,0,0,11,5.5,13550.4,7202.4,21926.0,105600.0,0.5,539.0,254.0,0.06820454545454545,0.0,1.0,0.6180060202499316,0,0
0,54988464,7,,2,255000.0,2,11,5,99,3,60058,223.6067977,5,2,0,0,0,0,0,0,0,0,103,20.6,27254.4,15855.6,43185.0,231000.0,0.6,3005.0,948.0,0.04934545454545455,0.0,1.0,0.6311080236193123,0,1
1,58994429,7,1295.0,3,73000.0,2,11,5,100,5,350076,223.6067977,4,3,1,0,0,0,27,27,1,1,39,9.75,105326.40000000001,102921.6,85500.0,16500.0,0.75,1989.0,4.0,0.1970909090909091,0.25,0.975,1.2318877192982458,1,0
0,54986325,7,1247.0,3,110000.0,2,11,5,91,4,60007,1.0,5,3,5,0,0,0,5,5,5,1,40,8.0,805813.2,697902.0,660500.0,0.0,1.0,3399.0,541.0,,0.2,0.8888888888888888,1.2200048448145344,1,0
0,54991827,4,1343.0,1,128000.0,2,8,-1,107,5,361022,1.0,5,3,1,0,0,0,30,30,1,1,38,7.6,24162.0,24163.2,232500.0,110000.0,0.6,3242.0,247.0,0.21966545454545455,0.2,0.9743589743589743,0.10392258064516129,1,0
0,54985569,7,1280.0,1,93000.0,2,11,-1,110,4,550000,181.6590212,5,4,0,0,0,0,0,0,0,0,82,16.4,180776.4,77950.8,110500.0,112200.0,0.6,1332.0,664.0,0.47901604278074866,0.0,1.0,1.6359855203619909,0,0
0,58989402,7,1325.0,1,195000.0,2,11,5,109,5,350703,221.3594362,3,1,0,0,0,0,0,0,0,0,31,10.333333333333334,25620.0,25117.2,32627.0,281600.0,0.3333333333333333,1349.0,629.0,0.09098863636363637,0.0,1.0,0.7852392190517057,0,0
0,58993180,7,1286.0,1,110000.0,2,11,5,112,5,60033,1.0,7,3,0,0,0,0,0,0,0,0,53,7.571428571428571,167229.6,103285.2,99500.0,134200.0,0.7142857142857143,1078.0,4.0,0.277618479880775,0.0,1.0,1.6806994974874372,0,0
1,58989748,7,1200.5,3,110000.0,2,11,5,113,4,60034,249.69981980000003,8,3,7,7,7,7,1931,1725,21,4,123,15.375,561450.0,399247.2,500500.0,110000.0,0.875,3621.0,615.0,0.5984618181818182,0.5,0.8541666666666666,1.1217782217782217,1,0
0,58982401,7,1322.0,3,133000.0,2,11,9,99,3,350609,209.8570942,5,3,0,0,0,0,0,0,0,0,75,15.0,270912.0,226171.2,350500.0,44000.0,0.8,2027.0,819.0,1.0168363636363638,0.0,1.0,0.7729300998573466,0,0
1,54991492,4,1256.0,1,120000.0,2,8,5,99,4,151000,173.20508080000002,7,4,0,0,0,0,0,0,0,0,90,12.857142857142858,301815.6,182522.4,210500.0,68200.0,0.8571428571428571,1571.0,32.0,0.0,0.0,1.0,1.4338033254156768,0,0
0,58991938,7,1289.0,1,97000.0,2,11,9,110,3,72008,200.0,13,4,0,0,0,0,0,0,0,0,213,16.384615384615383,1308958.8,512126.4,505993.0,238700.0,0.7692307692307693,1456.0,453.0,0.930299120234604,0.0,1.0,2.5869108861189782,0,0
1,58989705,7,1311.5,3,105000.0,2,11,9,88,5,60043,187.08286930000003,5,1,0,0,0,0,0,0,0,0,57,11.4,168210.0,70754.4,65051.0,103400.0,0.6,2668.0,500.0,0.6725686653771761,0.0,1.0,2.5858172818250296,0,0
0,58991751,7,1308.5,3,123000.0,2,11,5,100,4,60014,200.0,7,4,0,0,0,0,0,0,0,0,82,11.714285714285714,201726.0,108000.0,100623.0,146300.0,0.7142857142857143,2917.0,507.0,0.31639644565960356,0.0,1.0,2.004770281148445,0,0
0,58995860,7,1362.5,3,93000.0,2,11,5,115,4,151300,1.0,2,2,0,0,0,0,0,0,0,0,41,20.5,559581.6,541917.6,398350.0,62700.0,0.5,3189.0,395.0,0.2817224880382775,0.0,1.0,1.4047485879251913,0,0
0,59005871,4,1356.5,1,136000.0,2,8,5,74,3,72000,1.0,5,4,0,0,0,0,0,0,0,0,112,22.4,68787.6,57177.6,250500.0,34100.0,0.8,3432.0,1080.0,0.3404692082111437,0.0,1.0,0.27460119760479046,0,0
0,58997904,4,1277.0,3,135000.0,2,8,5,84,5,60091,1.0,11,4,0,0,0,0,0,0,0,0,147,13.363636363636363,607092.0,512882.4,500500.0,233200.0,0.8181818181818182,3410.0,777.0,0.0,0.0,1.0,1.212971028971029,0,0
1,58998275,4,1239.5,3,30000.0,2,8,5,100,5,350017,223.6067977,15,4,6,1,0,0,180,69,7,4,200,13.333333333333334,643070.4,478800.0,446500.0,27500.0,0.9333333333333333,1610.0,447.0,1.1681454545454546,0.26666666666666666,0.966183574879227,1.44024725643897,1,0
0,54988608,7,1214.0,3,60000.0,2,11,9,108,4,151300,158.11388300000002,4,2,0,0,0,0,0,0,0,0,49,12.25,178394.40000000002,151113.6,170500.0,88000.0,0.5,862.0,3.0,0.2751272727272727,0.0,1.0,1.04630146627566,0,0
0,54985058,7,1266.5,3,227000.0,2,11,9,112,4,151300,254.9509757,11,1,0,0,0,0,0,0,0,0,122,11.090909090909092,104250.0,42562.8,95539.0,931700.0,0.45454545454545453,1719.0,494.0,0.06832027476655576,0.0,1.0,1.0911774249259465,0,0
1,58994767,7,1377.5,1,55000.0,2,11,5,114,3,151009,212.1320344,4,3,0,0,0,0,0,0,0,0,22,5.5,27014.4,16238.4,411963.0,0.0,1.0,2577.0,531.0,,0.0,1.0,0.06557482103975357,0,0
1,54986146,7,1358.0,1,121000.0,2,11,5,112,4,151300,173.20508080000002,6,2,4,1,0,0,135,135,5,1,115,19.166666666666668,421201.2,184201.2,200500.0,15400.0,0.8333333333333334,1844.0,559.0,1.3444675324675324,0.16666666666666666,0.9583333333333334,2.100754114713217,1,0
0,54991090,4,1379.0,3,489000.0,2,8,9,99,5,72001,223.6067977,11,1,2,0,0,0,43,30,2,2,145,13.181818181818182,4744.8,4744.8,42778.0,420200.0,0.6363636363636364,6812.0,569.0,0.01129176582579724,0.18181818181818182,0.9863945578231292,0.1109168264060966,1,0
0,54987233,7,1371.5,3,121000.0,2,11,9,85,3,60004,1.0,5,2,3,0,0,0,37,26,3,2,85,17.0,14817.599999999999,14824.8,108534.0,88000.0,0.8,4181.0,2196.0,0.16846363636363634,0.4,0.9659090909090909,0.1365249599203936,1,0
1,58992044,7,1365.5,1,130000.0,2,11,-1,100,3,341439,173.20508080000002,6,2,0,0,0,0,0,0,0,0,42,7.0,34238.4,18240.0,35599.0,110000.0,0.8333333333333334,927.0,359.0,0.08859272727272728,0.0,1.0,0.9617798252759909,0,0
0,58992510,7,1271.0,3,85000.0,1,11,9,100,4,60052,158.11388300000002,5,3,0,0,0,0,0,0,0,0,47,9.4,82842.0,36463.2,100500.0,16500.0,0.8,1074.0,546.0,1.1508363636363637,0.0,1.0,0.8242985074626865,0,0
0,54984476,5,1259.0,3,80000.0,2,15,5,112,3,350000,223.6067977,9,4,3,10,2,1,1048,450,15,4,80,8.88888888888889,26708.4,10368.0,100500.0,0.0,1.0,3462.0,416.0,,0.4444444444444444,0.8421052631578947,0.265755223880597,1,0
0,54984616,5,,2,102000.0,2,15,5,104,3,350055,184.3908891,6,2,0,0,0,0,0,0,0,0,71,11.833333333333334,47584.8,47584.8,336500.0,71500.0,0.6666666666666666,1378.0,486.0,0.6655216783216784,0.0,1.0,0.1414109955423477,0,1
0,58991820,7,1274.0,3,183000.0,2,11,9,77,3,510084,692.820323,19,7,1,0,0,0,20,20,1,1,429,22.57894736842105,449029.2,204543.6,225500.0,339240.0,0.6842105263157895,3828.0,634.0,0.6940466926070039,0.05263157894736842,0.9976744186046511,1.991260310421286,1,0
0,54991473,4,,2,120000.0,2,8,5,105,3,60050,173.20508080000002,6,2,0,0,0,0,0,0,0,0,67,11.166666666666666,17179.2,9750.0,27176.0,13200.0,0.8333333333333334,1702.0,357.0,0.34490909090909094,0.0,1.0,0.632146011186341,0,1
0,58987349,5,1248.5,3,106000.0,2,15,5,85,3,151300,1.0,10,4,0,0,0,0,0,0,0,0,183,18.3,760276.8,419787.6,379980.0,245850.0,0.7,1869.0,520.0,0.5182281879194631,0.0,1.0,2.000833728090952,0,0
0,58995117,7,1268.0,3,111000.0,2,11,5,100,3,151010,200.0,3,1,0,0,1,1,525,525,1,1,24,8.0,21309.6,14306.4,96817.0,16500.0,0.6666666666666666,3497.0,536.0,0.0,0.3333333333333333,0.96,0.22010184161872398,1,0
0,58996069,7,1233.5,3,62000.0,2,11,3,88,3,450194,244.94897430000003,8,4,2,0,0,0,16,16,2,1,83,10.375,109159.2,54000.0,76500.0,116600.0,0.875,2121.0,262.0,0.005866209262435677,0.125,0.9764705882352941,1.4269176470588234,1,0
1,54985234,7,1214.0,3,66000.0,2,11,5,82,3,60019,200.0,2,1,0,0,0,0,0,0,0,0,18,9.0,156465.6,135097.2,113080.0,125400.0,0.5,895.0,516.0,1.07733014354067,0.0,1.0,1.3836717368234879,0,0
0,58986587,5,1241.0,3,54000.0,2,15,5,112,4,151300,1.0,4,2,0,0,0,0,0,0,0,0,34,8.5,176746.8,105600.0,88500.0,56100.0,0.75,1016.0,324.0,1.074909090909091,0.0,1.0,1.9971389830508472,0,0
1,58983909,5,1262.0,3,130000.0,2,15,5,100,5,151304,189.7366596,6,3,0,0,18,18,6942,6942,18,1,89,14.833333333333334,73844.4,55669.2,104474.0,256300.0,0.6666666666666666,3407.0,579.0,0.217203277409286,0.16666666666666666,0.8317757009345794,0.7068208358060378,1,0
1,59004658,4,1257.5,3,105000.0,2,8,5,73,3,151009,1.0,1,1,0,0,0,0,0,0,0,0,6,6.0,20966.4,20966.4,17972.0,55000.0,0.0,410.0,410.0,0.38120727272727273,0.0,1.0,1.1666147340307145,0,0
0,54984524,5,1350.5,1,155000.0,2,15,8,104,5,60004,1.0,7,2,0,0,0,0,0,0,0,0,145,20.714285714285715,876818.4,691203.6,750500.0,414700.0,0.2857142857142857,3969.0,95.0,0.44833469978297563,0.0,1.0,1.168312325116589,0,0
0,58999145,4,1262.0,3,185000.0,2,8,5,105,5,151300,173.20508080000002,24,5,8,20,36,17,11790,6603,64,6,280,11.666666666666666,696344.3999999999,300886.8,300500.0,245300.0,0.9166666666666666,4794.0,427.0,0.748637586628618,0.25,0.813953488372093,2.317285856905158,1,0
0,58983108,5,1415.0,3,169000.0,2,15,5,81,5,72000,237.1708245,14,2,0,0,0,0,0,0,0,0,172,12.285714285714286,6238.8,6358.8,79450.0,1742950.0,0.2857142857142857,2892.0,569.0,-6.884879084311082e-05,0.0,1.0,0.07852485840151038,0,0
0,59000942,4,1268.0,3,149000.0,2,8,5,106,3,72001,173.20508080000002,4,1,0,0,0,0,0,0,0,0,83,20.75,374628.0,204000.0,170499.0,419100.0,0.25,1515.0,543.0,0.8798339298496779,0.0,1.0,2.1972445586191123,0,0
0,59005266,4,1266.5,1,99000.0,2,8,5,86,3,72002,1.0,2,1,0,0,0,0,0,0,0,0,11,5.5,19873.2,15770.4,41586.0,122100.0,0.0,496.0,206.0,0.16276167076167078,0.0,1.0,0.4778819795123359,0,0
0,58995451,7,1248.5,3,60000.0,2,11,5,90,3,60074,1.0,5,3,0,0,0,0,0,0,0,0,71,14.2,169227.6,110742.0,98710.0,99000.0,0.8,1298.0,515.0,1.1186060606060606,0.0,1.0,1.7143916523148617,0,0
0,54988209,7,1305.5,3,93000.0,1,11,3,104,3,60032,200.0,7,3,0,0,0,0,0,0,0,0,60,8.571428571428571,47442.0,22891.2,56500.0,0.0,1.0,1143.0,579.0,,0.0,1.0,0.8396814159292035,0,0
0,58999019,4,1322.0,3,199000.0,2,8,5,111,4,72000,1.0,7,1,0,0,0,0,0,0,0,0,159,22.714285714285715,75681.6,40440.0,51267.0,477400.0,0.42857142857142855,2157.0,452.0,0.0020561374109761207,0.0,1.0,1.4762244718824977,0,0
1,58994016,7,1310.0,1,186000.0,2,11,-1,112,3,340019,223.6067977,7,2,5,0,0,0,105,45,5,3,160,22.857142857142858,1691076.0000000002,1557093.6,1500500.0,106150.0,0.7142857142857143,2725.0,841.0,0.005256712199717381,0.42857142857142855,0.9696969696969697,1.1270083305564813,1,0
0,58992627,7,1305.5,1,50000.0,2,12,-1,113,3,350061,226.1459706,4,2,0,0,0,0,0,0,0,0,46,11.5,376389.6,375262.8,400500.0,158400.0,0.75,1066.0,483.0,0.007113636363636364,0.0,1.0,0.9397992509363295,0,0
0,58988822,7,1251.5,3,240000.0,2,11,5,85,3,151300,194.9358869,26,4,12,6,0,0,780,360,18,4,398,15.307692307692308,892740.0000000001,286934.4,320500.0,385000.0,0.7692307692307693,3860.0,457.0,0.17978181818181818,0.15384615384615385,0.9567307692307693,2.785460218408737,1,0
0,58986566,5,1320.5,3,150000.0,2,15,9,108,5,361028,200.0,20,5,10,4,2,2,780,750,16,2,331,16.55,5078245.2,1179589.2,1150500.0,330000.0,0.95,4659.0,365.0,-0.004123636363636363,0.1,0.9538904899135446,4.4139462842242505,1,0
0,58990308,7,1307.0,3,195000.0,2,11,9,95,5,72003,200.0,7,3,0,10,22,18,5962,5192,32,2,140,20.0,301591.2,301591.2,280500.0,19800.0,0.8571428571428571,3174.0,690.0,0.0,0.2857142857142857,0.813953488372093,1.0751914438502674,1,0
0,58987368,5,1220.0,3,64000.0,2,15,5,114,4,60033,187.08286930000003,14,3,1,0,0,0,1,1,1,1,140,10.0,361694.4,162966.0,182500.0,117700.0,0.8571428571428571,1156.0,386.0,0.02225658453695837,0.07142857142857142,0.9929078014184397,1.9818871232876714,1,0
1,58997724,4,1313.0,3,134000.0,2,8,5,104,3,60054,244.94897430000003,11,2,2,0,0,0,17,16,2,2,252,22.90909090909091,4183.200000000001,4284.0,52437.0,560450.0,0.5454545454545454,7507.0,461.0,0.007466143277723259,0.18181818181818182,0.9921259842519685,0.07977573087705248,1,0
0,59002317,4,1266.5,3,87000.0,2,8,-1,98,5,361029,1.0,10,4,1,0,0,0,1,1,1,1,222,22.2,2463174.0,1799905.2,1600500.0,117700.0,0.8,3044.0,447.0,1.0242922684791844,0.1,0.9955156950672646,1.5390028116213683,1,0
0,58985063,5,1215.5,3,94000.0,2,15,-1,86,5,550088,223.6067977,7,3,0,0,0,0,0,0,0,0,122,17.428571428571427,329050.8,192147.6,174500.0,114400.0,0.8571428571428571,1871.0,700.0,0.7608146853146853,0.0,1.0,1.8856779369627505,0,0
0,58987035,5,1413.5,1,204000.0,2,15,9,107,5,350002,200.0,10,5,0,0,0,0,0,0,0,0,191,19.1,851223.6,829357.2,829668.0,0.0,1.0,4315.0,599.0,,0.0,1.0,1.0259809948075616,0,0
0,54982530,5,1272.5,3,120000.0,1,15,5,110,5,72000,187.08286930000003,4,1,0,0,0,0,0,0,0,0,56,14.0,5044.8,4371.6,24117.0,189200.0,0.5,1098.0,654.0,0.003558139534883721,0.0,1.0,0.20918024629929097,0,0
0,54985173,7,1245.5,3,68000.0,2,11,5,111,4,60091,200.0,3,1,0,0,0,0,0,0,0,0,50,16.666666666666668,101983.2,80874.0,113238.0,117700.0,0.6666666666666666,1546.0,566.0,0.6871197960917587,0.0,1.0,0.9006093360885922,0,0
0,58990258,7,,2,69000.0,1,11,5,106,4,60064,173.20508080000002,2,1,0,0,0,0,0,0,0,0,10,5.0,108231.6,74634.0,62694.0,77000.0,0.5,612.0,388.0,0.9692727272727273,0.0,1.0,1.7263470188534789,0,1
0,58983905,5,1257.5,3,91000.0,2,15,5,94,5,60043,200.0,3,1,1,0,0,0,30,30,1,1,93,31.0,29774.4,23970.0,134734.0,51150.0,0.3333333333333333,2846.0,1214.0,0.5760938416422288,0.3333333333333333,0.9893617021276596,0.22098653643475294,1,0
0,54982579,5,1338.5,3,325000.0,2,15,5,110,5,60033,316.22776600000003,22,3,1,0,0,0,17,17,1,1,323,14.681818181818182,1902002.4000000001,1768387.2,2057500.0,778800.0,0.8181818181818182,5565.0,947.0,0.014779661016949152,0.045454545454545456,0.9969135802469136,0.9244240097205347,1,0
0,58996120,7,1211.0,3,66000.0,2,11,5,101,4,60015,1.0,3,2,0,0,0,0,0,0,0,0,71,23.666666666666668,151410.0,127770.0,109048.0,118800.0,0.6666666666666666,2012.0,940.0,1.0755050505050505,0.0,1.0,1.3884711319785783,0,0
0,54983934,5,1223.0,3,54000.0,2,15,-1,112,4,450018,169.7056275,8,3,0,0,0,0,0,0,0,0,124,15.5,196053.59999999998,64903.2,100500.0,167200.0,0.625,1427.0,470.0,0.2561913875598086,0.0,1.0,1.9507820895522385,0,0
0,54985197,7,1191.5,3,70000.0,2,11,9,107,5,450032,192.3538406,7,3,1,0,0,0,15,15,1,1,130,18.571428571428573,567720.0,273580.8,450500.0,525800.0,0.42857142857142855,3990.0,735.0,0.4803948269303918,0.14285714285714285,0.9923664122137404,1.2601997780244174,1,0
1,58996391,7,1386.5,1,165000.0,2,11,-1,100,3,350098,173.20508080000002,5,3,0,0,0,0,0,0,0,0,115,23.0,1217781.6,1128216.0,975589.0,128150.0,0.6,1427.0,430.0,0.1240733515411627,0.0,1.0,1.2482526965761198,0,0
0,54989545,4,1326.5,3,140000.0,2,8,5,100,5,60013,1.0,10,4,7,0,0,0,106,105,7,2,140,14.0,137419.2,80197.2,150500.0,257950.0,0.6,3942.0,2219.0,0.532735801511921,0.2,0.9523809523809523,0.9130843853820598,1,0
0,59001951,4,1287.5,1,112000.0,2,8,5,90,3,330015,1.0,4,2,0,0,0,0,0,0,0,0,29,7.25,35781.6,29748.0,43000.0,82500.0,0.5,880.0,126.0,0.07313454545454545,0.0,1.0,0.8321302325581394,0,0
1,54984182,5,1281.5,3,144000.0,2,15,5,68,1,60057,1.0,18,7,1,0,5,5,767,767,6,1,185,10.277777777777779,847543.2,411342.0,366938.0,0.0,1.0,4585.0,571.0,,0.05555555555555555,0.9685863874345549,2.30977222310036,1,0
0,58994468,7,1283.0,3,100000.0,2,11,5,95,3,332444,1.0,14,7,0,0,0,0,0,0,0,0,175,12.5,4024300.8,1642622.4,1369352.0,151800.0,0.9285714285714286,4130.0,185.0,-0.0022292490118577075,0.0,1.0,2.938835887339413,0,0
0,58999963,4,1229.0,3,62000.0,2,8,5,84,5,60019,1.0,6,3,1,0,0,0,1,1,1,1,113,18.833333333333332,26769.6,15994.8,91261.0,45100.0,0.8333333333333334,1869.0,420.0,-2.6607538802660753e-05,0.16666666666666666,0.9912280701754386,0.2933301191089293,1,0
1,58990611,7,,3,79000.0,2,11,-1,112,4,72000,177.0028248,3,1,0,0,0,0,0,0,0,0,22,7.333333333333333,38431.2,15066.0,57617.0,293700.0,0.3333333333333333,728.0,356.0,0.09728702757916241,0.0,1.0,0.66701147230852,0,1
0,54982998,5,1284.5,3,132000.0,2,15,9,109,5,151009,228.9847156,8,3,1,0,0,0,1,1,1,1,157,19.625,114492.0,88846.8,320500.0,341000.0,0.625,1592.0,795.0,0.05130791788856305,0.125,0.9936708860759493,0.3572293291731669,1,0
1,58991618,7,1257.5,1,98000.0,2,11,-1,101,3,60075,1.0,11,5,0,0,0,0,0,0,0,0,103,9.363636363636363,509085.6,229036.8,378500.0,0.0,1.0,3327.0,443.0,,0.0,1.0,1.3450081902245705,0,0
0,54986288,7,1278.5,1,105000.0,2,11,-1,112,4,450002,158.11388300000002,9,4,0,0,0,0,0,0,0,0,108,12.0,338578.80000000005,214855.2,200500.0,180400.0,0.6666666666666666,1618.0,312.0,0.38052771618625275,0.0,1.0,1.6886723192019952,0,0
0,58989333,7,1305.5,3,111000.0,2,11,9,113,4,72015,212.1320344,2,1,0,0,0,0,0,0,0,0,12,6.0,-3271.2,2176.8,98264.0,107800.0,0.5,654.0,449.0,0.02019294990723562,0.0,1.0,-0.03328991288773101,0,0
1,58990136,7,1250.0,3,94000.0,2,11,5,113,4,71000,187.08286930000003,5,4,0,0,0,0,0,0,0,0,36,7.2,106412.40000000001,71878.8,150500.0,0.0,1.0,1826.0,486.0,,0.0,1.0,0.7070591362126246,0,0
0,58988263,5,1316.0,1,202000.0,2,15,5,105,5,450054,223.6067977,8,4,11,3,7,7,1671,1360,21,4,162,20.25,209146.8,130521.6,411940.0,366300.0,0.75,5345.0,251.0,0.3563243243243243,0.5,0.8852459016393442,0.507711802689712,1,0
0,58994224,7,1274.0,1,328000.0,2,11,-1,82,5,450000,244.94897430000003,8,2,7,4,3,2,755,451,14,2,171,21.375,264576.0,124102.8,293633.0,425700.0,0.25,3028.0,255.0,0.33790274841437634,0.25,0.9243243243243243,0.9010431388842535,1,0
0,58998583,4,1310.0,3,129000.0,1,8,5,100,5,151300,181.6590212,4,2,0,0,0,0,0,0,0,0,56,14.0,137067.59999999998,129524.4,150500.0,108900.0,0.75,1238.0,619.0,0.05087603305785124,0.0,1.0,0.9107481727574749,0,0
1,54985358,7,,2,97000.0,2,11,5,76,5,72000,179.0809873,11,4,7,0,0,0,7,4,7,2,166,15.090909090909092,731193.6,408103.2,400500.0,102300.0,0.7272727272727273,5196.0,686.0,0.15581231671554252,0.18181818181818182,0.9595375722543352,1.825701872659176,1,1
1,58993137,7,1205.0,3,63000.0,2,11,5,106,3,151300,1.0,12,4,1,0,0,0,1,1,1,1,117,9.75,1040373.6,604747.2,550500.0,220550.0,0.8333333333333334,1386.0,280.0,0.3251289956925867,0.08333333333333333,0.9915254237288136,1.8898702997275203,1,0
0,58991395,7,1299.5,1,87000.0,2,11,5,85,5,151300,1.0,17,6,7,4,0,0,278,115,11,4,224,13.176470588235293,895134.0,381136.8,500500.0,18700.0,0.9411764705882353,3331.0,420.0,0.0,0.23529411764705882,0.9531914893617022,1.7884795204795205,1,0
0,54990536,4,1241.0,3,35000.0,2,8,5,99,5,60084,158.11388300000002,1,1,0,0,0,0,0,0,0,0,9,9.0,23151.6,23151.6,26498.0,23100.0,0.0,532.0,532.0,1.0022337662337661,0.0,1.0,0.8737112234885651,0,0
0,58986069,5,1322.0,3,195000.0,2,15,9,95,5,60000,200.0,20,3,1,0,0,0,1,1,1,1,456,22.8,469999.19999999995,448479.6,600500.0,617650.0,0.55,3490.0,840.0,0.027347526916538488,0.05,0.9978118161925602,0.7826797668609491,1,0
0,54983694,5,1329.5,3,195000.0,2,15,5,64,5,60065,1.0,4,1,0,0,0,0,0,0,0,0,37,9.25,1600.8,1641.6,69540.0,275000.0,0.25,3855.0,379.0,0.005969454545454545,0.0,1.0,0.023019844693701465,0,0
0,59001175,4,1292.0,1,117000.0,2,8,5,99,5,60052,200.0,2,1,0,0,0,0,0,0,0,0,28,14.0,19765.2,17714.4,15612.0,63800.0,0.5,1212.0,95.0,0.03214420062695925,0.0,1.0,1.2660261337432746,0,0
1,59002037,4,1292.0,1,115000.0,2,8,5,114,5,350060,192.3538406,3,2,0,0,0,0,0,0,0,0,35,11.666666666666666,47916.0,31035.6,301084.0,93500.0,0.3333333333333333,1417.0,219.0,0.5124705882352941,0.0,1.0,0.1591449562248409,0,0
0,54988879,4,1223.0,3,68000.0,2,8,-1,112,5,340014,187.08286930000003,3,2,0,0,0,0,0,0,0,0,38,12.666666666666666,59218.8,44236.8,53428.0,148500.0,0.3333333333333333,1028.0,367.0,0.29776969696969696,0.0,1.0,1.1083851164183576,0,0
0,54986055,7,1238.0,3,66000.0,2,11,5,79,3,450017,214.4761059,7,3,8,1,34,34,28220,28105,43,2,107,15.285714285714286,66553.2,40809.6,230500.0,84700.0,0.5714285714285714,3338.0,425.0,0.5008831168831168,0.2857142857142857,0.7133333333333334,0.2887340563991323,1,0
1,54988522,7,1214.0,3,58000.0,2,11,5,110,4,151300,158.11388300000002,3,1,0,0,0,0,0,0,0,0,15,5.0,40888.799999999996,28791.6,24973.0,79200.0,0.3333333333333333,482.0,234.0,0.15274242424242424,0.0,1.0,1.6373203059304047,0,0
0,59005413,4,1226.0,3,73000.0,1,8,5,104,5,60058,158.11388300000002,8,4,0,0,0,0,0,0,0,0,168,21.0,263836.8,164564.4,254879.0,50600.0,0.875,1489.0,670.0,0.1429802371541502,0.0,1.0,1.0351453042424053,0,0
0,59005683,4,,2,75000.0,2,8,-1,107,3,151300,173.20508080000002,3,2,0,0,0,0,0,0,0,0,48,16.0,819052.8,767744.4,410500.0,69300.0,0.6666666666666666,1961.0,315.0,0.47163636363636363,0.0,1.0,1.9952565164433618,0,1
0,54989353,4,1260.5,3,143000.0,2,8,9,110,4,60016,202.4845673,3,1,0,0,0,0,0,0,0,0,59,19.666666666666668,77169.6,63956.4,70158.0,130900.0,0.6666666666666666,1078.0,847.0,0.48858976317799846,0.0,1.0,1.0999401351235782,0,0
0,59001626,4,1400.0,3,383000.0,1,8,5,100,5,60024,212.1320344,7,3,0,0,0,0,0,0,0,0,140,20.0,2288191.1999999997,2280800.4,1953360.0,0.0,1.0,3521.0,795.0,,0.0,1.0,1.1714129499938566,0,0
1,54991086,4,1289.0,1,143000.0,2,8,5,70,5,60091,1.0,2,1,0,0,0,0,0,0,0,0,20,10.0,115028.4,104354.4,98609.0,106700.0,0.5,1906.0,219.0,0.9780168697282099,0.0,1.0,1.166510156273768,0,0
0,59003950,4,1263.5,1,102000.0,2,8,9,103,3,60024,200.0,5,3,1,0,0,0,26,26,1,1,80,16.0,35256.0,27000.0,57000.0,68200.0,0.8,1665.0,315.0,0.10312609970674487,0.2,0.9876543209876543,0.6185263157894737,1,0
0,58986950,5,1308.5,3,131000.0,1,15,5,110,5,72000,1.0,14,4,0,0,0,0,0,0,0,0,195,13.928571428571429,2046604.8,463197.6,850500.0,492800.0,0.7857142857142857,8998.0,355.0,0.7209521103896103,0.0,1.0,2.4063548500881833,0,0
0,59003138,4,,2,45000.0,2,8,9,114,4,60064,173.20508080000002,4,1,0,0,0,0,0,0,0,0,30,7.5,44030.399999999994,25215.6,46118.0,67100.0,0.5,711.0,406.0,0.6361788375558867,0.0,1.0,0.9547335096925277,0,1
0,58992009,7,1290.5,3,273000.0,2,11,9,113,3,60063,223.6067977,4,4,1,5,0,0,312,312,6,1,71,17.75,1344944.4000000001,1055512.8,970500.0,0.0,1.0,2531.0,855.0,,0.25,0.922077922077922,1.3858262751159198,1,0
0,58989298,7,1364.0,3,106000.0,2,11,5,86,3,510003,187.08286930000003,10,3,2,1,0,0,86,86,3,1,115,11.5,7236.0,4910.4,75500.0,27500.0,0.9,2496.0,907.0,0.17856,0.1,0.9745762711864406,0.095841059602649,1,0
0,59002940,4,1259.0,3,75000.0,2,8,5,89,5,151000,1.0,1,1,0,0,0,0,0,0,0,0,16,16.0,66262.8,66262.8,65779.0,0.0,1.0,714.0,714.0,,0.0,1.0,1.007354930905,0,0
0,54983292,5,,2,114000.0,2,15,5,110,4,72049,195.6910831,16,5,0,0,0,0,0,0,0,0,229,14.3125,626604.0,400239.6,1450500.0,53900.0,0.8125,3839.0,419.0,0.0,0.0,1.0,0.4319917269906929,0,1
0,58991228,7,,2,128000.0,2,11,9,111,4,151300,206.5187643,10,4,0,0,0,0,0,0,0,0,114,11.4,563019.6,287254.8,250500.0,0.0,1.0,3207.0,341.0,,0.0,1.0,2.247583233532934,0,1
0,54985241,7,1275.5,3,90000.0,2,11,5,110,4,450015,212.1320344,5,2,0,0,0,0,0,0,0,0,70,14.0,25206.0,21672.0,60500.0,82500.0,0.6,1547.0,463.0,0.041745454545454544,0.0,1.0,0.4166280991735537,0,0
1,58985805,5,1241.0,3,46000.0,2,15,5,80,5,350092,175.1570724,2,2,0,0,0,0,0,0,0,0,14,7.0,52507.2,52507.2,120500.0,0.0,1.0,569.0,537.0,,0.0,1.0,0.4357443983402489,0,0
0,58994299,7,1340.0,1,99000.0,2,11,-1,85,5,350069,181.10770280000003,16,5,0,0,0,0,0,0,0,0,192,12.0,1962912.0,1916966.4,1736404.0,198000.0,0.875,2424.0,433.0,0.04016969696969697,0.0,1.0,1.130446601136602,0,0
1,58993220,7,1344.5,3,137000.0,2,11,5,101,5,72000,1.0,4,2,0,0,0,0,0,0,0,0,87,21.75,237386.4,215200.8,250613.0,94600.0,0.75,3950.0,315.0,2.2748498942917545,0.0,1.0,0.9472230091814869,0,0
1,54984903,5,1371.5,3,83000.0,2,15,5,95,3,350704,165.6653253,10,4,1,3,114,35,81050,27918,118,4,46,4.6,352411.2,269202.0,290500.0,51700.0,0.9,3647.0,745.0,0.0,0.4,0.2804878048780488,1.2131194492254733,1,0
0,54988329,7,1215.5,3,67000.0,2,11,5,95,3,151306,134.95554819999998,8,3,0,0,0,0,0,0,0,0,105,13.125,365194.8,193754.4,200500.0,99000.0,0.75,1028.0,217.0,0.43661818181818185,0.0,1.0,1.8214204488778054,0,0
0,58986218,5,1191.5,3,61000.0,2,15,-1,111,4,72001,1.0,6,2,1,0,0,0,30,30,1,1,87,14.5,298094.39999999997,197232.0,200500.0,189200.0,0.5,1547.0,347.0,0.5089915433403805,0.16666666666666666,0.9886363636363636,1.4867551122194511,1,0
0,54986944,7,1266.5,1,109000.0,2,11,3,107,3,330021,1.0,8,4,1,2,22,13,7445,5070,25,2,75,9.375,132720.0,47508.0,149000.0,46200.0,0.875,3081.0,479.0,1.0283116883116883,0.25,0.75,0.8907382550335571,1,0
0,58999582,4,1214.0,3,63000.0,2,8,-1,85,3,330014,1.0,10,2,0,0,0,0,0,0,0,0,64,6.4,109298.4,44551.2,62236.0,169400.0,0.7,1087.0,510.0,0.43965053128689496,0.0,1.0,1.7561925573622983,0,0
0,54986508,7,1310.0,1,169000.0,2,11,5,109,4,60058,316.22776600000003,6,4,4,0,0,0,120,120,4,1,75,12.5,650120.4,498052.8,450500.0,55000.0,0.8333333333333334,1414.0,308.0,0.03316363636363636,0.16666666666666666,0.9493670886075949,1.4431085460599336,1,0
0,59001818,4,1332.5,3,153000.0,2,8,5,112,4,72001,1.0,4,2,0,0,0,0,0,0,0,0,77,19.25,87649.2,56192.4,100500.0,71500.0,0.75,1233.0,889.0,0.7859076923076923,0.0,1.0,0.8721313432835821,0,0
0,54983623,5,1353.5,3,143000.0,2,15,5,110,4,60007,1.0,7,3,0,0,0,0,0,0,0,0,109,15.571428571428571,601201.2,372304.8,360500.0,155100.0,0.7142857142857143,2181.0,661.0,0.4050444874274661,0.0,1.0,1.6676871012482661,0,0
0,58991914,7,1377.5,3,500000.0,2,11,2,89,5,350052,387.2983346,4,1,0,0,0,0,0,0,0,0,105,26.25,56020.799999999996,33205.2,254956.0,324500.0,0.5,3826.0,2273.0,0.10232727272727273,0.0,1.0,0.21972732549930182,0,0
1,58993131,7,,2,120000.0,2,11,5,101,5,72000,265.3394053,11,4,8,37,4,3,3626,2310,49,5,91,8.272727272727273,42852.0,42852.0,100500.0,0.0,1.0,4010.0,439.0,,0.45454545454545453,0.65,0.4263880597014925,1,1
0,58997104,7,1241.0,1,74000.0,2,11,5,105,3,72000,1.0,5,3,0,0,0,0,0,0,0,0,76,15.2,214074.0,132559.2,150500.0,83600.0,0.6,1573.0,392.0,0.17379904306220095,0.0,1.0,1.4224186046511629,0,0
0,58983893,5,1223.0,3,81000.0,2,15,9,112,4,60018,1.0,2,1,0,0,0,0,0,0,0,0,36,18.0,49658.4,29239.2,78912.0,99000.0,0.5,1026.0,728.0,0.2953454545454546,0.0,1.0,0.6292883211678832,0,0
0,54989180,4,1241.0,3,68000.0,2,8,5,107,5,72000,173.20508080000002,4,2,0,0,0,0,0,0,0,0,43,10.75,106663.2,53469.6,60500.0,42900.0,0.75,888.0,356.0,0.7008671328671329,0.0,1.0,1.7630280991735536,0,0
0,58989048,7,1298.0,3,182000.0,2,11,5,100,5,60001,244.94897430000003,7,3,0,0,0,0,0,0,0,0,75,10.714285714285714,54259.2,24220.8,132613.0,209000.0,0.7142857142857143,1786.0,365.0,0.19760382775119617,0.0,1.0,0.4091544569536923,0,0
0,58986443,5,1362.5,1,114000.0,2,15,-1,112,4,361005,1.0,4,3,0,0,0,0,0,0,0,0,79,19.75,36822.0,29656.8,219500.0,0.0,1.0,1626.0,576.0,,0.0,1.0,0.16775398633257405,0,0
0,58991343,7,1358.0,3,500000.0,2,11,2,112,5,510000,316.22776600000003,39,5,6,1,0,0,107,49,7,4,704,18.05128205128205,992281.2,325878.0,360732.0,1098900.0,0.7948717948717948,6079.0,1115.0,0.3132798252798253,0.10256410256410256,0.9901547116736991,2.7507434882405772,1,0
0,58999966,4,1271.0,3,118000.0,1,8,5,80,5,60017,282.8427125,14,2,0,0,0,0,0,0,0,0,245,17.5,49963.2,42033.6,53900.0,196680.0,0.7142857142857143,4105.0,397.0,0.23098840756558875,0.0,1.0,0.9269610389610389,0,0
0,59005448,4,1232.0,3,100000.0,2,8,5,95,3,350012,200.0,11,3,4,3,19,17,8702,8192,26,3,211,19.181818181818183,1894933.2,1876015.2,1634043.0,118800.0,0.8181818181818182,3420.0,455.0,0.06192929292929294,0.2727272727272727,0.890295358649789,1.1596593235306536,1,0
0,59003701,4,1322.0,1,35000.0,2,8,-1,111,5,151307,1.0,1,1,0,0,0,0,0,0,0,0,11,11.0,867.6,867.6,26892.0,0.0,1.0,560.0,560.0,,0.0,1.0,0.03226238286479251,0,0
0,58989779,7,1350.5,3,176000.0,2,11,9,102,3,151004,1.0,5,3,0,0,0,0,0,0,0,0,28,5.6,403611.6,349284.0,360500.0,148500.0,0.8,1249.0,633.0,0.07897373737373738,0.0,1.0,1.119588349514563,0,0
0,54991614,4,1266.5,3,101000.0,2,8,9,101,4,60084,1.0,2,1,0,0,0,0,0,0,0,0,15,7.5,27108.0,26734.8,24335.0,106700.0,0.5,597.0,308.0,0.25056044985941894,0.0,1.0,1.113951099239778,0,0
0,54988970,4,1250.0,3,115000.0,2,8,9,112,4,151300,255.4290508,2,1,0,0,0,0,0,0,0,0,16,8.0,36478.8,36478.8,49164.0,0.0,1.0,632.0,429.0,,0.0,1.0,0.7419819380034172,0,0
0,54992094,4,1296.5,1,127000.0,2,8,5,107,3,60019,1.0,4,4,1,0,0,0,19,19,1,1,68,17.0,56420.399999999994,25182.0,39500.0,33000.0,0.75,1371.0,64.0,0.42214545454545455,0.25,0.9855072463768116,1.4283645569620251,1,0
0,58984421,5,1290.5,3,86000.0,2,15,5,93,5,60033,1.0,17,4,1,0,0,0,1,1,1,1,321,18.88235294117647,2750431.1999999997,2583544.8,2219500.0,509300.0,0.47058823529411764,3419.0,842.0,0.23832004712350283,0.058823529411764705,0.9968944099378882,1.2392120747916195,1,0
0,54992137,4,,2,83000.0,2,8,5,110,3,71000,1.0,9,3,0,0,0,0,0,0,0,0,80,8.88888888888889,593322.0,357758.4,395938.0,0.0,1.0,812.0,280.0,,0.0,1.0,1.498522495946335,0,1
1,58988337,5,1241.0,3,42000.0,2,15,-1,107,5,60004,165.5505965,1,1,0,0,0,0,0,0,0,0,11,11.0,74206.8,74206.8,66293.0,0.0,1.0,579.0,579.0,,0.0,1.0,1.1193761030576381,0,0
0,54986688,7,1319.0,3,177000.0,2,11,5,112,3,60042,1.0,4,2,0,0,0,0,0,0,0,0,64,16.0,361054.8,313273.2,280500.0,152900.0,0.75,2436.0,447.0,0.20567168083714846,0.0,1.0,1.2871828877005347,0,0
0,59001304,4,1250.0,3,120000.0,2,8,5,91,5,60064,1.0,3,1,0,0,0,0,0,0,0,0,26,8.666666666666666,16640.4,8181.6,62443.0,182600.0,0.3333333333333333,852.0,283.0,0.07002190580503834,0.0,1.0,0.26648943836779143,0,0
1,58995877,7,1277.0,3,132000.0,2,11,9,80,5,60016,1.0,9,5,0,0,0,0,0,0,0,0,103,11.444444444444445,632194.8,504956.4,568926.0,55000.0,0.8888888888888888,3102.0,93.0,0.03728727272727273,0.0,1.0,1.111207432952616,0,0
0,59000211,4,1313.0,1,135000.0,2,8,5,75,5,60064,1.0,15,2,2,0,0,0,30,30,2,1,154,10.266666666666667,52.800000000000004,39.6,42931.0,145200.0,0.8666666666666667,5058.0,1092.0,9.09090909090909e-05,0.06666666666666667,0.9871794871794872,0.0012298805059281174,1,0
0,58982923,5,,2,58000.0,2,15,2,112,4,151300,1.0,1,1,0,0,0,0,0,0,0,0,23,23.0,33231.6,33231.6,28959.0,33000.0,0.0,1182.0,1182.0,1.0070181818181818,0.0,1.0,1.1475396249870506,0,1
0,54985748,7,1317.5,3,264000.0,2,11,5,83,5,72000,1.0,18,6,2,0,0,0,33,33,2,1,223,12.38888888888889,66290.4,31652.4,292100.0,458700.0,0.8333333333333334,4839.0,404.0,0.12241988227599739,0.05555555555555555,0.9911111111111112,0.2269441971927422,1,0
0,59000320,4,1214.0,3,62000.0,2,8,9,114,4,151300,1.0,2,1,0,0,0,0,0,0,0,0,30,15.0,76867.20000000001,49240.8,95536.0,118800.0,0.5,864.0,431.0,0.4144848484848485,0.0,1.0,0.8045888460894324,0,0
0,58986723,7,1322.0,3,195000.0,1,11,5,104,5,71000,173.20508080000002,3,2,0,0,0,0,0,0,0,0,49,16.333333333333332,40992.0,33666.0,50500.0,91300.0,0.6666666666666666,993.0,405.0,0.0019978094194961667,0.0,1.0,0.8117227722772278,0,0
0,54984201,5,1250.0,3,79000.0,2,15,5,110,4,72001,1.0,3,2,0,0,0,0,0,0,0,0,65,21.666666666666668,124238.4,99640.8,94502.0,102300.0,0.6666666666666666,2127.0,559.0,0.9740058651026393,0.0,1.0,1.3146642399102664,0,0
1,54986064,7,1281.5,1,173000.0,2,11,-1,106,5,72000,1.0,15,6,12,4,1,1,655,390,17,5,166,11.066666666666666,825027.6,283083.6,594500.0,56100.0,0.9333333333333333,4617.0,513.0,0.9204705882352942,0.3333333333333333,0.907103825136612,1.3877671993271656,1,0
0,58993563,7,1239.5,1,78000.0,2,11,-1,97,3,371301,200.0,10,4,17,9,0,0,764,736,26,3,213,21.3,116974.8,63681.6,458500.0,27500.0,0.9,3955.0,1593.0,1.056,0.3,0.891213389121339,0.2551249727371865,1,0
0,58984589,5,1232.0,3,89000.0,2,15,9,112,4,72000,200.0,7,3,0,0,0,0,0,0,0,0,111,15.857142857142858,1887697.2000000002,1698462.0,1600500.0,251900.0,0.5714285714285714,1263.0,557.0,0.6368384279475983,0.0,1.0,1.179442174320525,0,0
0,58989171,7,1289.0,3,305000.0,1,11,5,110,5,60033,236.6431913,11,4,22,13,2,2,1630,640,37,4,140,12.727272727272727,245678.4,108109.2,161430.0,403700.0,0.6363636363636364,3669.0,641.0,0.2675967302452316,0.36363636363636365,0.7909604519774012,1.5218881248838505,1,0
0,58993422,7,1281.5,3,84000.0,2,11,5,113,4,60091,158.11388300000002,9,3,0,0,0,0,0,0,0,0,28,3.111111111111111,77354.4,51660.0,60500.0,0.0,1.0,1346.0,322.0,,0.0,1.0,1.2785851239669421,0,0
0,59004328,4,1214.0,3,99000.0,2,8,5,84,3,60017,173.20508080000002,3,1,0,0,0,0,0,0,0,0,33,11.0,103150.8,47114.4,57982.0,217800.0,0.3333333333333333,785.0,591.0,0.3498953168044077,0.0,1.0,1.779014176813494,0,0
1,58997157,7,,2,91000.0,2,11,-1,105,3,60074,1.0,3,2,0,0,0,0,0,0,0,0,32,10.666666666666666,20312.4,14720.4,40919.0,78100.0,0.3333333333333333,681.0,322.0,0.18848143405889883,0.0,1.0,0.49640509298858726,0,1
0,59004333,4,1299.5,1,157000.0,2,8,5,113,3,151300,158.11388300000002,6,2,16,6,0,0,740,331,22,3,85,14.166666666666666,2319704.4,2146905.6,1805087.0,189200.0,0.5,1903.0,5.0,0.6009894291754757,0.5,0.794392523364486,1.2850928514802886,1,0
1,58999328,4,,2,94000.0,2,8,-1,109,5,340006,200.0,5,3,0,0,0,0,0,0,0,0,20,4.0,25964.4,25964.4,72471.0,70400.0,0.8,1102.0,560.0,0.36881250000000004,0.0,1.0,0.3582729643581571,0,1
0,58987402,5,1241.0,3,62000.0,2,15,9,95,4,60023,1.0,5,2,0,0,0,0,0,0,0,0,14,2.8,79977.6,42000.0,150500.0,129800.0,0.6,1826.0,2.0,0.061155624036979966,0.0,1.0,0.5314126245847176,0,0
0,58984182,5,1286.0,3,92000.0,1,15,5,81,3,60018,200.0,15,5,2,0,0,0,17,16,2,2,333,22.2,78793.2,47242.8,47800.0,155100.0,0.6666666666666666,4092.0,554.0,0.0983597678916828,0.13333333333333333,0.9940298507462687,1.6483933054393305,1,0
0,58985868,5,1218.5,3,215000.0,2,15,5,82,5,60016,1.0,9,2,2,0,0,0,47,25,2,2,148,16.444444444444443,81830.4,53790.0,94500.0,239800.0,0.6666666666666666,2355.0,485.0,0.010568807339449541,0.2222222222222222,0.9866666666666667,0.8659301587301587,1,0
0,54989370,4,1293.5,3,201000.0,2,8,9,113,5,72049,223.6067977,6,2,0,0,0,0,0,0,0,0,122,20.333333333333332,27843.6,12390.0,33900.0,305800.0,0.6666666666666666,4433.0,700.0,0.05386657946370177,0.0,1.0,0.8213451327433627,0,0
0,59004304,4,1227.5,1,150000.0,2,8,5,78,3,72000,1.0,7,4,0,0,0,0,0,0,0,0,101,14.428571428571429,419857.2,118803.6,100500.0,128700.0,0.8571428571428571,1583.0,506.0,0.7703682983682983,0.0,1.0,4.177683582089553,0,0
1,59001676,4,1287.5,3,120000.0,2,8,9,114,5,60059,1.0,9,4,3,0,0,0,5,3,3,2,146,16.22222222222222,6562972.8,6519902.4,5443267.0,165000.0,0.7777777777777778,2845.0,322.0,0.18012363636363635,0.2222222222222222,0.9798657718120806,1.2057047357772455,1,0
0,59006239,7,1322.0,3,68000.0,2,11,5,86,3,72015,1.0,3,2,0,0,0,0,0,0,0,0,32,10.666666666666666,2492.4,2492.4,21000.0,15400.0,0.6666666666666666,1033.0,624.0,0.0,0.0,1.0,0.11868571428571428,0,0
1,54985192,7,1230.5,3,72000.0,2,11,5,85,5,60069,1.0,2,1,0,0,0,0,0,0,0,0,24,12.0,68268.0,41834.4,36377.0,105600.0,0.5,1054.0,463.0,0.3961590909090909,0.0,1.0,1.8766803199824065,0,0
0,58982511,5,,2,160000.0,2,15,-1,85,5,450043,200.0,18,7,3,1,0,0,107,106,4,2,212,11.777777777777779,973948.8,695046.0,620379.0,90860.0,0.8888888888888888,4154.0,371.0,0.7627514858023333,0.1111111111111111,0.9814814814814815,1.5699254810365921,1,1
0,54988388,7,1335.5,1,71000.0,2,11,9,110,4,72000,168.0981856,1,1,0,0,0,0,0,0,0,0,33,33.0,415662.0,415662.0,400500.0,0.0,1.0,2876.0,2876.0,,0.0,1.0,1.0378576779026216,0,0
0,58984757,5,1223.0,3,56000.0,2,15,5,112,4,151300,212.1320344,3,1,6,0,0,0,135,135,6,1,49,16.333333333333332,7291.2,5270.4,20492.0,134200.0,0.3333333333333333,2846.0,405.0,0.05433084947839046,0.3333333333333333,0.8909090909090909,0.3558071442514152,1,0
0,58982376,1,1410.5,1,300000.0,2,4,-1,64,5,340009,1.0,8,4,0,0,2,2,300,300,2,1,85,10.625,846541.2,520286.4,1000500.0,132000.0,0.875,6959.0,1263.0,0.0,0.125,0.9770114942528736,0.8461181409295352,1,0
1,59001607,4,1187.0,3,100000.0,2,8,5,102,3,60017,547.7225575,17,7,6,6,2,2,845,845,14,1,228,13.411764705882353,1244521.2,968460.0,807550.0,149600.0,0.8823529411764706,1927.0,356.0,1.098360962566845,0.058823529411764705,0.9421487603305785,1.5411072998575939,1,0
0,54989322,4,,2,54000.0,2,8,5,89,5,72016,189.7366596,4,2,0,0,0,0,0,0,0,0,19,4.75,739080.0,663334.8,577723.0,83600.0,0.5,486.0,368.0,0.8285741626794259,0.0,1.0,1.2792982103880233,0,1
1,58989236,7,1268.0,3,90000.0,2,11,5,86,5,71002,1.0,1,1,0,0,0,0,0,0,0,0,12,12.0,15727.2,15727.2,57083.0,82500.0,0.0,753.0,753.0,0.1906327272727273,0.0,1.0,0.27551460154511853,0,0
0,58995803,7,1266.5,3,74000.0,2,11,5,105,4,60054,1.0,1,1,0,0,0,0,0,0,0,0,6,6.0,17432.4,17432.4,39486.0,0.0,1.0,378.0,378.0,,0.0,1.0,0.44148305728612675,0,0
0,58993153,7,1227.5,3,68000.0,2,11,5,114,3,345009,192.3538406,15,4,0,0,0,0,0,0,0,0,161,10.733333333333333,338703.6,148386.0,157500.0,78100.0,0.8666666666666667,1967.0,510.0,0.7322151088348271,0.0,1.0,2.1504990476190473,0,0
0,58988432,7,1289.0,1,139000.0,2,11,-1,114,4,450033,214.4761059,8,5,0,0,0,0,0,0,0,0,91,11.375,497178.0,360000.0,300500.0,198000.0,0.75,1852.0,448.0,0.35948484848484846,0.0,1.0,1.6545024958402663,0,0
0,58992134,7,1235.0,1,114000.0,2,11,-1,85,5,450088,1.0,15,2,0,0,0,0,0,0,0,0,101,6.733333333333333,167859.6,48170.4,119981.0,416900.0,0.6666666666666666,2844.0,374.0,0.3110933077476613,0.0,1.0,1.399051516490111,0,0
0,59003723,4,,2,81000.0,2,8,5,110,3,72014,163.5267562,2,2,0,0,0,0,0,0,0,0,40,20.0,24000.0,24000.0,30500.0,0.0,1.0,4127.0,380.0,,0.0,1.0,0.7868852459016393,0,1
1,59004885,4,1272.5,1,141000.0,2,8,5,110,3,151300,1.0,10,6,2,4,30,30,15854,15835,36,2,69,6.9,1214494.8,817932.0,600500.0,84700.0,0.9,3094.0,294.0,0.9743518299881937,0.2,0.6571428571428571,2.022472606161532,1,0
0,54982913,5,1287.5,3,163000.0,2,15,5,90,5,72014,200.0,4,3,0,0,0,0,0,0,0,0,30,7.5,620276.4,371622.0,319500.0,95700.0,0.75,881.0,419.0,0.039510971786833854,0.0,1.0,1.9413971830985917,0,0
0,54987336,7,1308.5,3,194000.0,2,11,5,105,4,60051,223.6067977,21,6,16,6,46,15,17575,5196,68,8,252,12.0,588195.6,294043.2,450500.0,27500.0,0.9523809523809523,6639.0,325.0,0.0,0.38095238095238093,0.7875,1.3056506104328522,1,0
0,54985214,7,1349.0,1,193000.0,2,11,5,100,5,350063,316.22776600000003,9,3,0,0,0,0,0,0,0,0,21,2.3333333333333335,1223706.0,1203130.8,1041500.0,88000.0,0.7777777777777778,1927.0,460.0,0.07339090909090909,0.0,1.0,1.1749457513202113,0,0
0,58986623,5,1278.5,1,98000.0,2,15,-1,82,5,450033,173.20508080000002,5,2,0,0,0,0,0,0,0,0,153,30.6,27792.0,23658.0,44507.0,95700.0,0.6,3586.0,1353.0,0.26927899686520373,0.0,1.0,0.6244410991529422,0,0
0,58984708,5,1481.0,3,101000.0,2,15,5,100,5,60091,223.6067977,6,2,0,0,34,34,5100,5100,34,1,53,8.833333333333334,-637.2,0.0,80500.0,234300.0,0.5,4645.0,3710.0,-0.0027195902688860437,0.16666666666666666,0.6091954022988506,-0.00791552795031056,1,0
1,58991614,7,1230.5,3,64000.0,2,11,3,82,5,60058,200.0,7,5,2,2,0,0,132,132,4,1,99,14.142857142857142,88216.79999999999,86474.4,112500.0,0.0,1.0,2754.0,733.0,,0.14285714285714285,0.9611650485436893,0.7841493333333333,1,0
0,58984128,5,1404.5,1,150000.0,2,15,9,100,5,71002,316.22776600000003,16,4,0,0,0,0,0,0,0,0,315,19.6875,5206589.999999999,5154669.6,8580500.0,684750.0,0.8125,3993.0,475.0,0.0681235487404162,0.0,1.0,0.606793310413146,0,0
0,58982672,5,1239.5,3,58000.0,2,15,5,107,5,60017,1.0,4,2,0,0,0,0,0,0,0,0,39,9.75,24525.6,13296.0,51049.0,55000.0,0.75,1184.0,638.0,0.033338181818181815,0.0,1.0,0.48043252561264665,0,0
0,58984798,5,1299.5,3,273000.0,2,15,2,108,5,72000,200.0,8,2,2,0,0,0,30,30,2,1,150,18.75,1564954.7999999998,1506152.4,1250500.0,418000.0,0.5,2560.0,519.0,0.1406755980861244,0.125,0.9868421052631579,1.2514632546981206,1,0
0,58988044,5,1241.0,3,66000.0,2,15,9,115,3,350077,174.34448659999998,5,2,11,3,52,31,28666,19251,66,2,31,6.2,95090.40000000001,80787.6,100500.0,28600.0,0.8,3143.0,265.0,0.4642237762237762,0.4,0.31958762886597936,0.9461731343283583,1,0
0,58984972,5,1269.5,3,124000.0,2,15,5,112,4,60033,204.9390153,2,1,0,0,0,0,0,0,0,0,39,19.5,47826.0,34710.0,45893.0,114400.0,0.5,1380.0,603.0,0.3034090909090909,0.0,1.0,1.0421197132460287,0,0
0,54985180,7,1215.5,3,63000.0,1,11,5,100,5,71000,212.1320344,8,5,0,0,0,0,0,0,0,0,61,7.625,191496.0,89886.0,500500.0,69300.0,0.875,852.0,547.0,0.6378874458874458,0.0,1.0,0.3826093906093906,0,0
0,58986444,5,1319.0,3,15000.0,2,15,5,114,3,450069,158.11388300000002,8,3,0,0,0,0,0,0,0,0,114,14.25,1805672.4,1749505.2,1500500.0,378400.0,0.5,1472.0,127.0,0.11523044397463002,0.0,1.0,1.2033804731756081,0,0
0,59005128,4,1250.0,1,84000.0,1,8,5,100,3,60019,167.33200530000002,2,1,0,0,0,0,0,0,0,0,20,10.0,12920.4,12920.4,50318.0,133100.0,0.0,844.0,568.0,0.09707287753568745,0.0,1.0,0.25677491156246274,0,0
0,58993212,7,1323.5,1,117000.0,2,11,9,112,4,550001,230.2172887,30,7,13,12,105,34,49353,23181,130,9,288,9.6,304650.0,182515.2,210500.0,24201.1,0.9666666666666667,4455.0,465.0,0.0,0.3,0.6889952153110048,1.447268408551069,1,0
0,58982397,1,1293.5,1,500000.0,2,4,9,105,5,650005,1.0,7,1,2,0,35,35,5761,5730,37,3,99,14.142857142857142,20058.0,17764.8,120301.0,674300.0,0.5714285714285714,6366.0,3980.0,0.029748183301201245,0.42857142857142855,0.7279411764705882,0.16673178111570144,1,0
0,58994911,7,1250.0,3,60000.0,2,11,5,114,4,72001,707.1067812000001,7,2,0,0,0,0,0,0,0,0,101,14.428571428571429,129580.79999999999,66752.4,59873.0,57200.0,0.8571428571428571,1299.0,370.0,1.0983986013986013,0.0,1.0,2.164261019157216,0,0
0,54989286,4,1269.5,3,162000.0,2,8,9,81,5,60019,1.0,14,5,5,0,0,0,58,30,5,4,187,13.357142857142858,171330.0,89608.8,145484.0,844800.0,0.42857142857142855,2125.0,788.0,0.1374943181818182,0.2857142857142857,0.9739583333333334,1.1776552748068516,1,0
0,58992588,7,1287.5,3,144000.0,2,11,5,114,4,72000,221.3594362,7,3,2,4,31,24,22140,20789,37,2,84,12.0,478179.6,475398.0,400500.0,50600.0,0.7142857142857143,3122.0,358.0,-2.3715415019762845e-05,0.2857142857142857,0.6942148760330579,1.193956554307116,1,0
0,54985929,7,,2,73000.0,2,11,9,114,4,361000,153.39165559999998,3,3,9,1,1,1,343,145,11,3,72,24.0,358713.6,358713.6,527500.0,0.0,1.0,1858.0,1340.0,,1.0,0.8674698795180723,0.6800257819905213,1,1
0,54983046,5,1314.5,3,117000.0,2,15,5,109,5,60018,200.0,3,2,0,0,0,0,0,0,0,0,15,5.0,434916.0,395266.8,600500.0,77000.0,0.6666666666666666,571.0,483.0,0.05733506493506494,0.0,1.0,0.7242564529558702,0,0
0,59005254,4,1314.5,1,89000.0,2,8,-1,100,5,60017,1.0,2,2,0,0,0,0,0,0,0,0,15,7.5,39708.0,37212.0,44500.0,0.0,1.0,567.0,66.0,,0.0,1.0,0.892314606741573,0,0
0,59003613,4,,2,81000.0,1,8,9,100,5,72000,200.4120755,5,2,0,0,0,0,0,0,0,0,45,9.0,0.0,0.0,31930.0,11000.0,0.8,3544.0,2901.0,0.0,0.0,1.0,0.0,0,1
0,58991271,7,1314.5,1,150000.0,1,11,-1,115,5,72000,1.0,14,7,0,0,0,0,0,0,0,0,145,10.357142857142858,10980596.4,8421901.2,7133192.0,82500.0,0.9285714285714286,3686.0,426.0,0.20609454545454545,0.0,1.0,1.5393664435220586,0,0
0,58985654,5,1214.0,3,114000.0,2,15,5,90,5,60091,1.0,4,2,0,0,0,0,0,0,0,0,49,12.25,260485.2,131935.2,115700.0,231000.0,0.5,1067.0,397.0,0.7785506493506494,0.0,1.0,2.2513846153846155,0,0
0,58999945,4,1194.5,3,63000.0,2,8,9,105,4,72001,223.6067977,4,2,1,0,0,0,6,6,1,1,53,13.25,207534.0,171355.2,150500.0,167200.0,0.5,1107.0,393.0,0.1321578947368421,0.25,0.9814814814814815,1.3789634551495016,1,0
0,58990734,7,1278.5,1,88000.0,2,11,-1,89,5,60001,1.0,4,1,0,0,0,0,0,0,0,0,31,7.75,4160.4,4160.4,50996.0,74800.0,0.75,842.0,471.0,0.0,0.0,1.0,0.08158286924464664,0,0
1,58989082,7,1299.5,3,64000.0,2,11,5,110,4,510090,178.24140930000002,5,2,1,0,0,0,14,14,1,1,56,11.2,103405.2,82338.0,69115.0,83600.0,0.8,1178.0,470.0,0.9849043062200957,0.2,0.9824561403508771,1.4961325327352961,1,0
1,54990614,4,1389.5,1,186000.0,2,8,9,110,3,60014,1.0,11,3,0,0,0,0,0,0,0,0,250,22.727272727272727,716900.4,671072.4,600500.0,63800.0,0.8181818181818182,3968.0,363.0,0.2525454545454545,0.0,1.0,1.1938391340549543,0,0
0,58985486,5,1298.0,3,149000.0,2,15,5,112,5,510069,222.5511177,5,3,0,0,20,20,3220,3220,20,1,48,9.6,680245.2,623505.6,520088.0,0.0,1.0,3438.0,567.0,,0.2,0.7058823529411765,1.3079425020381166,1,0
0,58986657,5,1322.0,3,71000.0,2,15,5,114,4,510034,216.374675,7,2,1,0,0,0,1,1,1,1,141,20.142857142857142,914716.8,469009.2,600500.0,286000.0,0.5714285714285714,1517.0,282.0,0.06704895104895105,0.14285714285714285,0.9929577464788732,1.5232586178184846,1,0
0,54991669,4,,2,41000.0,2,8,5,110,3,60036,164.18587030000003,6,4,2,0,0,0,16,16,2,1,109,18.166666666666668,1465677.5999999999,1395884.4,1282302.0,91300.0,0.8333333333333334,3784.0,736.0,0.5930208105147865,0.16666666666666666,0.9819819819819819,1.14300500194182,1,1
0,54985862,7,1292.0,3,163000.0,2,11,5,109,5,60016,187.08286930000003,18,4,0,0,0,0,0,0,0,0,368,20.444444444444443,1123911.6,642721.2,672118.0,405900.0,0.5555555555555556,2666.0,477.0,0.17617147080561715,0.0,1.0,1.6721938707191297,0,0
0,58985599,5,1305.5,3,129000.0,2,15,5,95,3,60061,223.6067977,3,2,0,0,0,0,0,0,0,0,55,18.333333333333332,54453.600000000006,48208.8,40674.0,113300.0,0.6666666666666666,2186.0,503.0,0.055117387466902035,0.0,1.0,1.338781531199292,0,0
0,58988787,7,,2,83000.0,2,11,9,85,5,72000,1.0,4,2,0,0,0,0,0,0,0,0,96,24.0,30399.600000000002,16532.4,30500.0,85800.0,0.5,2579.0,659.0,0.16162237762237763,0.0,1.0,0.9967081967213115,0,1
0,58984475,5,,3,154000.0,2,15,5,110,5,60036,212.1320344,5,3,0,0,0,0,0,0,0,0,81,16.2,33362.4,32619.6,100500.0,124300.0,0.8,2221.0,455.0,1.9308125502815767e-05,0.0,1.0,0.3319641791044776,0,1
0,59002389,4,,2,105000.0,1,8,5,99,5,151300,186.7136846,4,2,0,0,0,0,0,0,0,0,74,18.5,342204.0,319393.2,290500.0,44000.0,0.75,3321.0,526.0,0.4420636363636363,0.0,1.0,1.1779827882960414,0,1
1,54983144,5,1214.0,3,58000.0,2,15,5,112,4,72000,200.0,4,1,0,0,0,0,0,0,0,0,23,5.75,159968.4,56792.4,55283.0,238700.0,0.0,865.0,363.0,0.6701650607457059,0.0,1.0,2.893627335708988,0,0
0,54988391,7,1203.5,3,71000.0,2,11,5,110,3,151300,200.0,6,3,0,0,0,0,0,0,0,0,105,17.5,302353.2,285934.8,300500.0,22000.0,0.8333333333333334,1917.0,655.0,0.0,0.0,1.0,1.0061670549084858,0,0
0,58997686,4,1250.0,1,87000.0,2,8,5,105,5,60069,212.1320344,4,1,0,0,0,0,0,0,0,0,107,26.75,101749.2,50424.0,59115.0,134200.0,0.5,1690.0,1199.0,0.37573770491803277,0.0,1.0,1.7212078152753107,0,0
0,59003717,4,,2,86000.0,2,8,5,114,5,151300,169.1123887,6,3,0,0,0,0,0,0,0,0,64,10.666666666666666,1819064.4,1607416.8,1350500.0,102300.0,0.8333333333333334,809.0,317.0,0.5948387096774194,0.0,1.0,1.346956238430211,0,1
0,59001751,4,1346.0,1,102000.0,2,8,-1,100,5,60095,200.0,4,2,0,0,0,0,0,0,0,0,31,7.75,77544.0,58057.2,101068.0,108900.0,0.75,1473.0,34.0,0.05596694214876033,0.0,1.0,0.7672458146990145,0,0
0,59000851,4,1302.5,3,410000.0,2,8,9,84,5,60018,1.0,6,1,0,0,0,0,0,0,0,0,132,22.0,27850.8,14348.4,55958.0,568150.0,0.3333333333333333,1817.0,759.0,0.04951438880577312,0.0,1.0,0.4977089960327388,0,0
0,59001171,4,1200.5,3,69000.0,2,8,5,104,5,60064,1.0,8,2,11,0,0,0,73,34,11,4,154,19.25,200638.8,84577.2,87389.0,193050.0,0.625,3586.0,323.0,0.7577871017871017,0.5,0.9333333333333333,2.295927405050979,1,0
0,58997757,4,,2,71000.0,2,8,9,90,5,72015,167.4962686,7,3,0,0,0,0,0,0,0,0,59,8.428571428571429,44832.0,17528.4,93892.0,148060.0,0.5714285714285714,1818.0,362.0,0.2182628664055113,0.0,1.0,0.47748476973544074,0,1
0,58990649,7,1223.0,3,78000.0,2,11,-1,75,5,450007,173.20508080000002,3,2,2,0,0,0,45,45,2,1,46,15.333333333333334,770647.2,654260.4,564938.0,99000.0,0.6666666666666666,1194.0,388.0,0.878630303030303,0.3333333333333333,0.9583333333333334,1.3641270369491874,1,0
0,54987088,7,,2,74000.0,2,11,9,85,5,60073,1.0,24,6,7,13,0,0,634,354,20,7,452,18.833333333333332,723376.8,269880.0,317500.0,204600.0,0.7916666666666666,4292.0,458.0,1.282199413489736,0.2916666666666667,0.9576271186440678,2.2783521259842523,1,1
0,58985198,5,1307.0,3,166000.0,2,15,5,88,5,60065,235.0829641,6,3,0,0,0,0,0,0,0,0,109,18.166666666666668,732213.6,718176.0,700500.0,170500.0,0.6666666666666666,2335.0,486.0,0.05706510263929618,0.0,1.0,1.0452728051391862,0,0
0,58998105,4,1287.5,3,206000.0,2,8,9,102,3,72000,202.4845673,11,3,0,0,0,0,0,0,0,0,137,12.454545454545455,701521.2000000001,615414.0,545500.0,220000.0,0.7272727272727273,1809.0,392.0,0.12505636363636363,0.0,1.0,1.28601503208066,0,0
0,59000044,7,,2,51000.0,2,11,5,112,4,72015,170.29386369999995,3,2,0,2,5,5,800,800,7,1,68,22.666666666666668,13419.6,13419.6,50500.0,31900.0,0.6666666666666666,2068.0,534.0,0.4206771159874608,0.3333333333333333,0.9066666666666666,0.2657346534653465,1,1
0,58997876,4,1364.0,3,194000.0,2,8,5,110,5,151004,223.6067977,8,4,0,0,0,0,0,0,0,0,126,15.75,1860187.2000000002,1491531.6,1500500.0,0.0,1.0,1513.0,364.0,,0.0,1.0,1.239711562812396,0,0
0,58988360,5,,2,35000.0,2,15,5,114,4,60069,1.0,1,1,0,0,0,0,0,0,0,0,6,6.0,22658.4,22658.4,26522.0,0.0,1.0,604.0,604.0,,0.0,1.0,0.8543247115602142,0,1
0,58999718,4,1308.5,3,312000.0,2,8,8,89,5,60014,1.0,13,4,1,0,0,0,30,30,1,1,263,20.23076923076923,944394.0000000001,588790.8,603500.0,544500.0,0.6153846153846154,3916.0,614.0,0.5400176308539945,0.07692307692307693,0.9962121212121212,1.5648616404308204,1,0
0,54988000,7,,2,180000.0,2,11,5,114,3,72001,167.33200530000002,3,2,0,0,0,0,0,0,0,0,25,8.333333333333334,15800.400000000001,8601.6,120329.0,88000.0,0.6666666666666666,814.0,378.0,0.09774545454545455,0.0,1.0,0.13130999177255692,0,1
0,54983721,5,1475.0,3,96000.0,2,15,9,110,5,72001,1.0,4,3,2,2,0,0,210,210,4,1,48,12.0,22994.4,23040.0,200500.0,99000.0,0.75,1585.0,577.0,-0.0004606060606060606,0.25,0.9230769230769231,0.1146852867830424,1,0
0,58992482,7,,2,51000.0,2,11,5,110,4,550013,182.7977024,13,4,0,0,0,0,0,0,0,0,118,9.076923076923077,916261.2000000001,384379.2,350500.0,253000.0,0.6923076923076923,1519.0,126.0,0.23152885375494073,0.0,1.0,2.614154636233952,0,1
0,54985215,7,1206.5,3,76000.0,2,11,5,108,4,72000,173.20508080000002,8,4,0,0,0,0,0,0,0,0,89,11.125,690140.4,608812.8,514438.0,94600.0,0.75,3674.0,479.0,0.7292980972515857,0.0,1.0,1.341542421049767,0,0
0,58998256,4,1280.0,3,89000.0,2,8,5,85,3,151300,189.7366596,6,1,0,0,0,0,0,0,0,0,116,19.333333333333332,960.0,1011.6,22691.0,185900.0,0.3333333333333333,1199.0,791.0,-0.000277568585260893,0.0,1.0,0.04230752280639901,0,0
0,54987227,7,1322.0,1,141000.0,2,11,5,84,3,60004,1.0,7,4,0,0,0,0,0,0,0,0,85,12.142857142857142,83636.40000000001,78274.8,65729.0,452650.0,0.42857142857142855,1683.0,523.0,0.1847705732906219,0.0,1.0,1.2724429095224332,0,0
1,58985900,5,,2,43000.0,2,15,9,111,5,361027,167.7885574,23,5,4,4,3,3,783,522,11,5,269,11.695652173913043,379147.2,146356.8,125500.0,104500.0,0.9130434782608695,3497.0,447.0,1.0766813397129187,0.21739130434782608,0.9607142857142857,3.0210932270916335,1,1
0,54991626,4,,2,92000.0,2,8,-1,107,4,350052,158.11388300000002,13,3,0,0,0,0,0,0,0,0,108,8.307692307692308,100825.2,48709.2,53087.0,74800.0,0.8461538461538461,2940.0,306.0,0.8413155080213903,0.0,1.0,1.899244636163279,0,1
0,54987871,7,1226.0,3,64000.0,2,11,5,103,3,72000,1.0,7,3,2,0,0,0,60,60,2,1,69,9.857142857142858,247028.4,204909.6,180500.0,0.0,1.0,1089.0,35.0,,0.14285714285714285,0.971830985915493,1.3685783933518005,1,0
1,58992285,7,,2,56000.0,2,11,-1,93,3,72001,212.1320344,4,1,0,0,0,0,0,0,0,0,16,4.0,132309.6,58284.0,49070.0,149600.0,0.5,697.0,261.0,0.10522459893048129,0.0,1.0,2.696343998369676,0,1
1,58985589,5,1224.5,3,45000.0,2,15,5,81,5,450062,173.1588866,5,3,19,11,0,0,995,810,30,2,69,13.8,105120.0,59810.4,850500.0,72600.0,0.8,4309.0,359.0,0.4162809917355372,0.4,0.696969696969697,0.1235978835978836,1,0
0,58991066,7,1220.0,3,77000.0,2,11,5,94,5,72001,1.0,4,2,5,2,1,1,381,381,8,1,58,14.5,87729.6,87729.6,74500.0,93500.0,0.75,4961.0,725.0,0.9382844919786096,0.25,0.8787878787878788,1.177578523489933,1,0
1,59000868,4,1253.0,3,59000.0,2,8,-1,110,4,151300,1.0,2,2,0,0,0,0,0,0,0,0,35,17.5,615864.0,602192.4,400500.0,0.0,1.0,1352.0,545.0,,0.0,1.0,1.5377378277153557,0,0
0,54985378,7,1203.5,3,76000.0,2,11,5,78,5,60005,173.20508080000002,9,3,1,0,0,0,8,8,1,1,169,18.77777777777778,371950.8,187906.8,175500.0,262900.0,0.5555555555555556,2898.0,462.0,0.36577862305058956,0.1111111111111111,0.9941176470588236,2.119377777777778,1,0
0,59004991,4,1232.0,1,68000.0,2,8,5,75,4,72001,1.0,6,2,0,0,0,0,0,0,0,0,92,15.333333333333334,43911.6,21681.6,37023.0,79200.0,0.6666666666666666,1642.0,497.0,0.3739848484848485,0.0,1.0,1.186062717770035,0,0
0,54987829,7,1320.5,1,102000.0,2,11,5,110,3,151300,200.0,2,2,0,0,0,0,0,0,0,0,23,11.5,73298.4,73298.4,470500.0,82500.0,0.5,4039.0,371.0,0.8884654545454544,0.0,1.0,0.15578831030818277,0,0
0,58992344,7,1296.5,3,80000.0,2,11,5,112,3,60069,1.0,9,3,0,0,0,0,0,0,0,0,81,9.0,21424.8,17698.8,75500.0,112200.0,0.6666666666666666,1322.0,35.0,0.1060427807486631,0.0,1.0,0.28377218543046356,0,0
0,54990270,4,1308.5,3,144000.0,2,8,5,107,5,60016,1.0,3,1,0,0,0,0,0,0,0,0,53,17.666666666666668,11030.4,7628.4,91639.0,255200.0,0.3333333333333333,1228.0,372.0,0.03286833855799373,0.0,1.0,0.12036796560416416,0,0
0,59006219,4,,2,111000.0,2,8,5,110,4,60091,220.8687393,3,2,1,0,0,0,28,28,1,1,81,27.0,539727.6,528427.2,500500.0,33000.0,0.6666666666666666,1409.0,611.0,0.30170909090909087,0.3333333333333333,0.9878048780487805,1.0783768231768232,1,1
1,58990469,7,1239.5,3,73000.0,2,11,5,87,3,60090,223.6067977,7,3,0,0,0,0,0,0,0,0,91,13.0,495145.2,438998.4,396938.0,0.0,1.0,1432.0,401.0,,0.0,1.0,1.2474119383883628,0,0
0,58985806,5,1326.5,3,133000.0,2,15,5,110,5,71000,1.0,12,3,0,0,0,0,0,0,0,0,172,14.333333333333334,5726505.600000001,4265714.4,4000500.0,342650.0,0.6666666666666666,4743.0,476.0,0.45151378958120536,0.0,1.0,1.4314474690663668,0,0
0,58988092,5,1269.5,1,114000.0,2,15,5,83,3,450058,141.4213562,9,4,0,0,0,0,0,0,0,0,126,14.0,571766.4,211791.6,195500.0,137852.0,0.7777777777777778,4016.0,93.0,0.4003075762411862,0.0,1.0,2.92463631713555,0,0
0,58990724,7,1278.5,3,71000.0,2,11,1,111,3,60019,316.22776600000003,19,5,3,0,0,0,45,45,3,1,217,11.421052631578947,1788999.6,828789.6,812300.0,416350.0,0.7894736842105263,2102.0,363.0,0.054069893118770265,0.05263157894736842,0.9863636363636363,2.2023877877631417,1,0
0,59000307,4,1337.0,3,410000.0,2,8,5,83,5,60091,1.0,33,4,10,3,1,1,480,315,14,4,630,19.09090909090909,737619.6,552862.8,6000500.0,1577400.0,0.6363636363636364,5351.0,395.0,0.09422441993153291,0.12121212121212122,0.9782608695652174,0.12292635613698857,1,0
0,58990756,7,1329.5,3,114000.0,2,11,5,76,5,60040,200.0,6,4,0,0,0,0,0,0,0,0,87,14.5,259286.4,121843.2,100500.0,137500.0,0.6666666666666666,1905.0,590.0,0.9995869090909092,0.0,1.0,2.5799641791044774,0,0
0,58984992,5,1250.0,3,78000.0,2,15,5,82,5,350092,176.4256217,5,2,0,0,0,0,0,0,0,0,29,5.8,35708.4,16560.0,30500.0,40700.0,0.8,674.0,391.0,0.1057886977886978,0.0,1.0,1.1707672131147542,0,0
1,58986802,5,1241.0,3,61000.0,2,15,2,109,4,552104,187.08286930000003,2,1,0,0,0,0,0,0,0,0,14,7.0,95407.20000000001,83355.6,86843.0,96800.0,0.5,947.0,645.0,0.8611115702479339,0.0,1.0,1.0986170445516623,0,0
0,58984207,5,1305.5,3,91000.0,2,15,5,100,5,450003,173.4358671,9,4,4,2,23,23,18834,18666,29,5,177,19.666666666666668,181386.0,102003.6,200500.0,44000.0,0.6666666666666666,3627.0,814.0,0.2721545454545454,0.5555555555555556,0.8592233009708737,0.9046683291770573,1,0
0,59000209,4,1317.5,1,183000.0,2,8,5,90,5,60019,273.86127880000004,17,3,2,4,2,2,523,452,8,2,281,16.529411764705884,3601.2,3000.0,215500.0,796400.0,0.5294117647058824,4410.0,1274.0,-0.0002275238573581115,0.11764705882352941,0.972318339100346,0.01671090487238979,1,0
0,58997856,4,,2,65000.0,2,8,9,112,5,72001,206.6615591,6,2,0,0,0,0,0,0,0,0,86,14.333333333333334,346958.4,151725.6,200500.0,45100.0,0.8333333333333334,1226.0,506.0,0.1972949002217295,0.0,1.0,1.7304658354114715,0,1
0,54982725,5,1332.5,3,325000.0,2,15,5,103,5,151009,200.0,1,1,0,0,0,0,0,0,0,0,36,36.0,15817.2,15817.2,43584.0,0.0,1.0,2033.0,2033.0,,0.0,1.0,0.3629129955947137,0,0
0,58988166,5,1361.0,1,101000.0,2,15,9,115,3,60052,187.08286930000003,3,3,0,0,0,0,0,0,0,0,14,4.666666666666667,1366534.8,1274911.2,1072132.0,0.0,1.0,485.0,156.0,,0.0,1.0,1.274595665459104,0,0
0,58998351,4,1328.0,3,488000.0,2,8,9,114,4,60057,632.4555320000001,17,2,3,0,0,0,3,3,3,1,389,22.88235294117647,378146.39999999997,289722.0,288642.0,836000.0,0.6470588235294118,3712.0,1058.0,0.4135751196172249,0.058823529411764705,0.9923469387755102,1.3100879289916227,1,0
0,59003267,4,,2,68000.0,2,8,9,114,4,151300,184.0190208,4,3,3,7,4,4,1217,1217,14,1,48,12.0,0.0,0.0,100500.0,0.0,1.0,2915.0,2718.0,,0.25,0.7741935483870968,0.0,1,1
0,58984882,5,1290.5,1,106000.0,2,15,-1,112,3,450019,204.9390153,7,3,0,0,0,0,0,0,0,0,98,14.0,98830.8,36000.0,53295.0,203500.0,0.42857142857142855,2186.0,390.0,0.44377592137592137,0.0,1.0,1.8544103574444133,0,0
0,59005841,4,1308.5,1,123000.0,2,8,5,84,3,151300,173.20508080000002,10,3,0,0,0,0,0,0,0,0,113,11.3,3313.2,3621.6,100500.0,148500.0,0.7,3369.0,226.0,-0.002076767676767677,0.0,1.0,0.032967164179104474,0,0
0,58991638,7,1259.0,3,86000.0,2,11,5,88,5,72000,223.6067977,2,1,0,0,0,0,0,0,0,0,35,17.5,96680.4,70602.0,67842.0,61600.0,0.5,1399.0,318.0,0.42335064935064937,0.0,1.0,1.425081807729725,0,0
0,58990576,7,,3,137000.0,2,11,-1,112,4,450080,213.541565,2,2,0,0,0,0,0,0,0,0,30,15.0,488442.0,466923.6,395500.0,58300.0,0.5,1194.0,389.0,0.36909777015437395,0.0,1.0,1.2349987357774967,0,1
1,54989095,4,1230.5,3,79000.0,2,8,5,112,4,72015,173.20508080000002,3,1,0,0,0,0,0,0,0,0,40,13.333333333333334,204729.6,189802.8,184308.0,147400.0,0.3333333333333333,965.0,465.0,1.2963093622795114,0.0,1.0,1.1108014844716454,0,0
0,54985820,7,,3,100000.0,2,11,-1,110,5,450002,167.33200530000002,17,5,7,5,68,25,28763,15736,80,4,86,5.0588235294117645,436328.4,117806.4,97500.0,110000.0,0.9411764705882353,3559.0,382.0,0.30194181818181814,0.23529411764705882,0.5180722891566265,4.475163076923077,1,1
0,58986339,5,1241.0,1,78000.0,2,15,-1,77,5,450033,199.4993734,9,3,0,0,0,0,0,0,0,0,115,12.777777777777779,160722.0,61850.4,57680.0,143000.0,0.6666666666666666,1923.0,355.0,0.5571524475524475,0.0,1.0,2.7864424410540916,0,0
1,58987715,5,1289.0,1,35000.0,2,15,5,76,5,60063,1.0,5,1,8,17,0,0,1260,480,25,4,100,20.0,28880.4,28980.0,36021.0,83600.0,0.4,5372.0,2401.0,0.3454593301435407,0.8,0.8,0.8017656367119181,1,0
1,58998866,4,1287.5,3,126000.0,1,8,5,99,5,151000,173.20508080000002,10,4,0,0,0,0,0,0,0,0,186,18.6,1791175.2,694560.0,579300.0,368500.0,0.7,3754.0,365.0,0.4477156037991859,0.0,1.0,3.0919647850854477,0,0
0,59003249,4,1269.5,3,113000.0,2,8,5,110,5,60091,212.1320344,11,4,0,0,0,0,0,0,0,0,64,5.818181818181818,163162.8,69998.4,226140.0,46200.0,0.9090909090909091,4445.0,233.0,0.0888051948051948,0.0,1.0,0.7215123374900504,0,0
0,58999612,4,1220.0,3,140000.0,2,8,5,109,4,72010,1.0,4,2,4,2,2,2,478,451,8,2,83,20.75,1229780.4,932864.4,1000500.0,172700.0,0.5,1983.0,478.0,0.48075043427909675,0.5,0.9120879120879121,1.2291658170914541,1,0
0,58990030,7,1326.5,3,96000.0,2,11,5,113,4,591001,1.0,2,1,0,0,0,0,0,0,0,0,45,22.5,124786.8,123636.0,151828.0,149600.0,0.5,1838.0,601.0,0.8264438502673797,0.0,1.0,0.8218958294912665,0,0
0,58991782,7,1229.0,3,50000.0,2,12,-1,103,3,350061,200.2398562,3,2,5,4,0,0,244,244,9,1,46,15.333333333333334,45799.2,45799.2,54550.0,56100.0,0.3333333333333333,1885.0,895.0,0.8163850267379679,0.3333333333333333,0.8363636363636363,0.8395820348304307,1,0
0,54989873,4,1241.0,3,105000.0,2,8,5,114,4,72000,243.8216561,6,2,0,2,88,35,76200,31300,90,4,38,6.333333333333333,85466.4,85466.4,100500.0,51700.0,0.8333333333333334,3259.0,542.0,0.0,0.6666666666666666,0.296875,0.8504119402985074,1,0
1,54985730,7,1319.0,3,149000.0,2,11,9,112,5,350096,243.9569634,2,2,0,0,0,0,0,0,0,0,8,4.0,22377.6,18237.6,25499.0,23100.0,0.5,525.0,412.0,0.17922077922077922,0.0,1.0,0.8775873563669163,0,0
1,58991594,7,1365.5,3,152000.0,1,11,5,84,5,60006,173.20508080000002,7,4,0,0,0,0,0,0,0,0,117,16.714285714285715,1660886.4000000001,996598.8,1031488.0,240900.0,0.7142857142857143,3121.0,388.0,0.514615193026152,0.0,1.0,1.6101848979338589,0,0
0,58987213,5,1229.0,3,46000.0,2,15,-1,111,4,450071,187.08286930000003,4,1,1,0,0,0,9,9,1,1,79,19.75,177274.8,122161.2,110210.0,118800.0,0.75,1682.0,485.0,1.0282929292929293,0.25,0.9875,1.6085182832773794,1,0
1,58997551,4,1305.5,3,130000.0,2,8,5,112,5,361047,1.0,3,2,0,0,0,0,0,0,0,0,14,4.666666666666667,7437.599999999999,7484.4,1684894.0,127600.0,0.6666666666666666,2999.0,366.0,-0.00036677115987460813,0.0,1.0,0.004414283628524999,0,0
1,59000842,4,1214.0,3,50000.0,2,8,5,114,4,60043,173.20508080000002,4,2,0,0,0,0,0,0,0,0,26,6.5,80053.2,45039.6,38905.0,40700.0,0.75,645.0,436.0,1.1066240786240786,0.0,1.0,2.0576583986634107,0,0
0,58991580,7,1251.5,3,103000.0,1,11,5,102,5,60095,173.20508080000002,10,3,0,0,0,0,0,0,0,0,115,11.5,207704.4,76508.4,91255.0,108900.0,0.9,1596.0,327.0,0.7025564738292011,0.0,1.0,2.27608788559531,0,0
1,58995407,7,1316.0,1,64000.0,2,11,9,87,5,60079,1.0,18,5,2,0,0,0,47,30,2,2,232,12.88888888888889,1155112.8,609645.6,1000500.0,49500.0,0.8888888888888888,4525.0,545.0,-4.848484848484848e-05,0.1111111111111111,0.9914529914529915,1.154535532233883,1,0
1,58992108,7,1241.0,3,56000.0,2,11,9,108,1,60013,158.11388300000002,2,1,0,0,0,0,0,0,0,0,14,7.0,157441.2,85786.8,78187.0,77000.0,0.5,470.0,461.0,1.1141142857142858,0.0,1.0,2.013649327893384,0,0
0,54983039,5,1233.5,3,82000.0,2,15,5,88,3,60014,1.0,5,2,4,3,2,2,500,451,9,2,92,18.4,1947932.4,1890334.8,1600500.0,117700.0,0.6,1619.0,521.0,-0.005393372982158028,0.4,0.9108910891089109,1.217077413308341,1,0
0,54984416,5,,2,35000.0,2,16,-1,93,5,335534,105.9008971,1,1,0,0,0,0,0,0,0,0,1,1.0,328124.4,328124.4,273937.0,0.0,1.0,436.0,436.0,,0.0,1.0,1.1978097153725127,0,1
1,58995303,7,1304.0,1,113000.0,2,11,9,112,4,350078,264.5751311,10,6,3,8,0,0,520,490,11,2,107,10.7,4345588.8,2411205.6,2026623.0,82500.0,0.9,4880.0,187.0,0.29396363636363637,0.2,0.9067796610169492,2.1442512001492138,1,0
0,54986826,7,1370.0,1,142000.0,2,11,9,113,4,72014,1.0,2,2,0,0,0,0,0,0,0,0,4,2.0,135346.8,85546.8,525500.0,99935.0,0.5,1996.0,355.0,0.8560244158703157,0.0,1.0,0.2575581351094196,0,0
0,58989819,7,1299.5,3,500000.0,2,11,5,112,4,72000,1.0,7,3,66,6,0,0,2082,982,72,4,118,16.857142857142858,427829.99999999994,425956.8,3060500.0,66000.0,0.8571428571428571,4858.0,2790.0,-0.008,0.5714285714285714,0.6210526315789474,0.13979088384250937,1,0
0,58989720,7,1280.0,3,156000.0,1,11,5,96,5,72000,187.08286930000003,4,2,0,0,0,0,0,0,0,0,51,12.75,41587.200000000004,41626.8,38189.0,112200.0,0.75,1273.0,639.0,-0.00035294117647058826,0.0,1.0,1.0889837387729453,0,0
0,58988902,7,1287.5,3,164000.0,2,11,5,100,5,60026,282.8427125,8,4,13,2,4,4,1164,1164,19,1,111,13.875,154794.0,147804.0,511500.0,144100.0,0.75,5213.0,761.0,1.0742123525329632,0.125,0.8538461538461538,0.3026275659824047,1,0
0,54987715,7,,2,76000.0,2,11,-1,92,5,60000,1.0,5,3,0,0,0,0,0,0,0,0,26,5.2,207019.19999999998,118363.2,100500.0,57200.0,0.8,574.0,158.0,1.0413566433566432,0.0,1.0,2.0598925373134325,0,1
0,58999208,4,1331.0,3,341000.0,2,8,9,114,5,72001,345.7383404,32,8,2,40,0,0,1895,866,42,5,482,15.0625,2804313.6,1668000.0,1400500.0,77000.0,0.9375,4012.0,367.0,0.2773402597402598,0.15625,0.9198473282442748,2.002366012138522,1,0
0,59000497,4,1257.5,3,88000.0,2,8,5,101,3,60018,200.0,3,2,0,0,0,0,0,0,0,0,18,6.0,27862.800000000003,18589.2,27623.0,69300.0,0.6666666666666666,573.0,344.0,0.05305627705627706,0.0,1.0,1.0086811714875286,0,0
1,59002105,4,1277.0,3,91000.0,2,8,5,114,4,72000,158.11388300000002,3,2,0,0,0,0,0,0,0,0,27,9.0,148363.2,143160.0,150500.0,56100.0,0.6666666666666666,816.0,479.0,0.09274866310160428,0.0,1.0,0.9858019933554818,0,0
0,59005880,4,1241.0,1,86000.0,1,8,5,104,3,72000,187.08286930000003,8,3,0,0,0,0,0,0,0,0,102,12.75,142508.4,69877.2,500500.0,394900.0,0.625,2488.0,338.0,0.18392605722967842,0.0,1.0,0.2847320679320679,0,0
0,54984727,5,1311.5,1,167000.0,2,15,5,85,5,60058,1.0,7,4,8,3,0,0,401,346,11,2,92,13.142857142857142,262110.0,163339.2,500500.0,115500.0,0.8571428571428571,3833.0,156.0,0.45315324675324675,0.2857142857142857,0.8932038834951457,0.5236963036963037,1,0
0,54989455,4,1287.5,3,107000.0,2,8,9,114,4,60043,200.0,2,1,0,0,0,0,0,0,0,0,14,7.0,4776.0,4102.8,20944.0,104500.0,0.5,737.0,378.0,0.03926124401913876,0.0,1.0,0.2280366692131398,0,0
0,58985847,5,,2,35000.0,2,16,-1,113,4,527000,163.4258242,4,3,1,0,0,0,26,26,1,1,27,6.75,150544.8,109052.4,200500.0,0.0,1.0,1010.0,538.0,,0.25,0.9642857142857143,0.7508468827930174,1,1
0,59005405,4,1299.5,1,139000.0,2,8,-1,95,5,72000,1.0,5,4,1,0,0,0,1,1,1,1,69,13.8,109453.2,78948.0,155500.0,28600.0,0.8,3822.0,629.0,1.0666153846153847,0.2,0.9857142857142858,0.7038790996784565,1,0
0,58992325,7,1263.5,3,148000.0,2,11,5,90,5,60017,1.0,21,3,7,2,1,1,393,360,10,3,494,23.523809523809526,74749.2,23882.4,250500.0,451000.0,0.7142857142857143,6305.0,872.0,0.119459866962306,0.14285714285714285,0.9801587301587301,0.2984,1,0
0,59004662,4,1242.5,3,158000.0,2,8,5,113,4,72000,200.0,8,1,2,0,0,0,24,23,2,2,175,21.875,28120.8,16352.4,86751.0,726000.0,0.25,2377.0,473.0,0.013897520661157023,0.25,0.9887005649717514,0.3241553411488052,1,0
0,58991759,7,1251.5,3,103000.0,2,11,9,108,4,60095,234.520788,13,2,3,1,1,1,294,150,5,2,139,10.692307692307692,118443.6,53332.8,66963.0,167200.0,0.8461538461538461,3809.0,456.0,0.2030956937799043,0.15384615384615385,0.9652777777777778,1.7687917208010395,1,0
0,58993948,7,1241.0,3,63000.0,2,11,5,112,4,60057,1.0,2,1,0,0,0,0,0,0,0,0,15,7.5,49686.0,33967.2,48756.0,117700.0,0.5,598.0,338.0,0.13354970263381477,0.0,1.0,1.0190745754368693,0,0
0,58986716,5,1296.5,3,289000.0,2,15,5,95,5,450027,310.1612484,18,4,68,6,78,33,49784,29645,152,6,99,5.5,278018.4,152637.6,850500.0,0.0,1.0,4921.0,318.0,,0.3333333333333333,0.3944223107569721,0.32688818342151676,1,0
0,58996500,7,1328.0,1,189000.0,2,11,9,85,5,60019,1.0,2,1,0,0,0,0,0,0,0,0,36,18.0,36013.2,36013.2,110248.0,198000.0,0.0,1394.0,880.0,0.18188484848484848,0.0,1.0,0.3266562658733038,0,0
0,54984766,5,1283.0,3,90000.0,2,15,5,112,4,510094,189.7366596,15,4,1,6,5,4,982,600,12,3,213,14.2,278023.2,150693.6,233500.0,22000.0,0.8666666666666667,3648.0,489.0,0.0,0.2,0.9466666666666667,1.1906775160599572,1,0
1,54984047,5,1274.0,3,76000.0,2,15,5,89,5,60000,173.4358671,10,2,7,4,51,34,29977,25550,62,6,70,7.0,185770.8,185770.8,255253.0,27500.0,0.9,3867.0,1322.0,0.0,0.6,0.5303030303030303,0.7277908584815849,1,0
0,54987381,7,1214.0,3,58000.0,2,11,5,112,3,450080,145.6021978,5,1,0,0,0,0,0,0,0,0,19,3.8,58809.6,33838.8,28699.0,123200.0,0.4,528.0,247.0,0.17460389610389612,0.0,1.0,2.0491863828007943,0,0
0,58982371,1,,2,500000.0,2,5,-1,70,5,350020,1.0,12,2,0,0,0,0,0,0,0,0,160,13.333333333333334,-8422.8,2542.8,77219.0,162800.0,0.8333333333333334,5984.0,1196.0,0.01561916461916462,0.0,1.0,-0.10907678162110361,0,1
0,59000143,4,,2,47000.0,2,8,9,114,4,60000,175.806712,2,1,0,0,0,0,0,0,0,0,20,10.0,49059.600000000006,29329.2,46051.0,42900.0,0.5,721.0,667.0,0.6836643356643357,0.0,1.0,1.0653319146164038,0,1
0,54989125,4,1373.0,3,369000.0,2,8,7,108,5,330005,350.5923559,23,5,20,19,3,2,1953,675,42,5,417,18.130434782608695,572390.4,228957.6,490500.0,64900.0,0.9130434782608695,5312.0,575.0,-0.0010354391371340524,0.21739130434782608,0.9084967320261438,1.1669529051987768,1,0
0,54983342,5,1323.5,3,220000.0,2,15,5,78,5,60002,200.0,11,2,0,1,0,0,88,88,1,1,288,26.181818181818183,68211.6,68110.8,114036.0,234300.0,0.45454545454545453,3586.0,659.0,0.2912368758002561,0.09090909090909091,0.9965397923875432,0.5981584762706514,1,0
0,54989201,4,,2,98000.0,1,8,5,109,4,72050,181.1435895,6,5,0,0,0,0,0,0,0,0,39,6.5,1092656.4,535912.8,464938.0,33000.0,0.8333333333333334,1206.0,409.0,1.0590181818181819,0.0,1.0,2.350112057951813,0,1
0,59005255,4,1305.5,1,128000.0,2,8,3,96,3,60042,1.0,2,1,0,0,0,0,0,0,0,0,43,21.5,102861.6,89700.0,83562.0,174900.0,0.0,1350.0,405.0,0.5881166380789022,0.0,1.0,1.2309614418036907,0,0
0,59004757,4,1278.5,1,103000.0,2,8,5,90,5,60074,202.654879,2,2,4,0,0,0,58,58,4,1,30,15.0,788889.6000000001,728560.8,600500.0,0.0,1.0,1186.0,260.0,,0.5,0.8823529411764706,1.3137212323064116,1,0
0,58991841,7,1286.0,3,260000.0,2,11,5,109,3,151300,1.0,6,2,0,0,0,0,0,0,0,0,82,13.666666666666666,347862.0,230995.2,328500.0,262900.0,0.5,1239.0,280.0,0.028582731076454926,0.0,1.0,1.0589406392694063,0,0
0,58988534,7,1223.0,3,63000.0,2,11,5,113,4,151300,1.0,3,1,0,0,0,0,0,0,0,0,31,10.333333333333334,63588.0,32538.0,52483.0,119900.0,0.3333333333333333,906.0,496.0,0.35462552126772307,0.0,1.0,1.211592325133853,0,0
0,58988956,7,1148.0,3,106000.0,2,11,5,94,5,450071,212.1320344,11,3,8,0,0,0,148,115,8,2,99,9.0,180954.0,42961.2,89825.0,183700.0,0.8181818181818182,2593.0,458.0,0.3935895481763745,0.18181818181818182,0.9252336448598131,2.0145171166156417,1,0
1,54991219,4,1334.0,3,35000.0,2,8,5,77,3,151000,1.0,1,1,1,0,0,0,30,30,1,1,19,19.0,0.0,0.0,2424.0,23100.0,0.0,943.0,943.0,0.0,1.0,0.95,0.0,1,0
0,54984131,5,1244.0,3,57000.0,2,15,5,95,5,151300,173.20508080000002,6,2,0,0,0,0,0,0,0,0,115,19.166666666666668,235014.0,66283.2,67011.0,199100.0,0.5,2740.0,784.0,0.9232044198895027,0.0,1.0,3.5070958499350855,0,0
0,58998833,4,1316.0,3,107000.0,2,8,5,112,4,60006,173.20508080000002,1,1,0,0,0,0,0,0,0,0,31,31.0,3622.8,3622.8,31225.0,57200.0,0.0,1240.0,1240.0,0.06333566433566434,0.0,1.0,0.11602241793434748,0,0
0,58983946,5,1338.5,3,107000.0,2,15,5,113,4,72000,1.0,4,2,2,2,12,12,3955,3955,16,1,25,6.25,4952.4,2881.2,18500.0,40700.0,0.75,1834.0,476.0,0.07079115479115479,0.25,0.6097560975609756,0.2676972972972973,1,0
0,58992711,7,1305.5,3,84000.0,2,11,5,112,4,151306,173.20508080000002,2,1,0,0,0,0,0,0,0,0,13,6.5,9674.400000000001,5571.6,30400.0,110000.0,0.5,429.0,256.0,0.03729818181818182,0.0,1.0,0.3182368421052632,0,0
0,58996010,7,1275.5,3,136000.0,2,11,5,113,4,151304,1.0,5,3,1,0,0,0,12,12,1,1,79,15.8,1020721.2000000001,858310.8,1521912.0,93500.0,0.8,1281.0,414.0,0.16911657754010695,0.2,0.9875,0.6706834560736757,1,0
0,58995289,7,,2,50000.0,2,11,5,113,4,450080,167.5649128,11,5,1,0,0,0,28,28,1,1,182,16.545454545454547,409688.4,156000.0,130500.0,217800.0,0.6363636363636364,3269.0,521.0,0.5570082644628099,0.09090909090909091,0.994535519125683,3.1393747126436784,1,1
1,54986075,7,1245.5,3,81000.0,2,11,5,103,5,60014,1.0,8,3,12,1,0,0,303,167,13,3,135,16.875,1020.0000000000073,41290.8,280500.0,117700.0,0.75,3929.0,432.0,0.351089209855565,0.375,0.9121621621621622,0.0036363636363636624,1,0
1,59005268,4,,2,67000.0,2,8,-1,100,5,60074,162.9232948,2,1,0,0,0,0,0,0,0,0,40,20.0,369138.0,193086.0,248500.0,0.0,1.0,785.0,783.0,,0.0,1.0,1.4854647887323944,0,1
1,54986851,7,,2,89000.0,2,11,9,80,5,72001,243.1666095,6,4,0,0,0,0,0,0,0,0,35,5.833333333333333,854301.6,600000.0,500500.0,122100.0,0.6666666666666666,880.0,405.0,0.5141523341523342,0.0,1.0,1.7068963036963036,0,1
0,59004946,4,1266.5,1,120000.0,1,8,5,109,4,60023,187.08286930000003,3,2,0,0,0,0,0,0,0,0,25,8.333333333333334,85324.8,51295.2,69058.0,77000.0,0.6666666666666666,580.0,346.0,0.6661714285714285,0.0,1.0,1.2355527237973878,0,0
0,59000930,4,1352.0,3,75000.0,2,8,9,105,5,151300,200.0,6,2,0,0,0,0,0,0,0,0,123,20.5,1557.6,1620.0,36490.0,72600.0,0.5,3008.0,2485.0,-0.000859504132231405,0.0,1.0,0.04268566730611126,0,0
0,58983073,5,1229.0,3,100000.0,2,15,5,102,5,60060,178.8854382,5,1,0,0,0,0,0,0,0,0,97,19.4,266379.6,99829.2,136500.0,383900.0,0.2,2989.0,725.0,0.693877572284449,0.0,1.0,1.951498901098901,0,0
0,58985964,5,1212.5,3,67000.0,2,15,9,110,5,60083,1.0,12,3,0,0,0,0,0,0,0,0,156,13.0,208965.6,79893.6,67078.0,243100.0,0.75,2572.0,386.0,0.6245281777046484,0.0,1.0,3.115262828349086,0,0
0,54988984,4,1214.0,3,99000.0,2,8,5,112,4,72000,200.0,3,2,0,0,0,0,0,0,0,0,39,13.0,237811.19999999998,158384.4,150500.0,121000.0,0.6666666666666666,872.0,431.0,0.3687867768595041,0.0,1.0,1.5801408637873753,0,0
0,54985745,7,1224.5,3,312000.0,2,11,9,99,5,60084,1.0,28,3,16,7,1,1,876,450,24,6,498,17.785714285714285,674516.4,363093.6,600500.0,534050.0,0.7142857142857143,6898.0,589.0,0.4812920138563805,0.21428571428571427,0.9540229885057471,1.123257951706911,1,0
0,58991389,7,1365.5,3,84000.0,2,11,5,100,3,60023,1.0,8,3,0,0,0,0,0,0,0,0,59,7.375,22218.0,7530.0,55220.0,23100.0,0.875,1963.0,395.0,0.0,0.0,1.0,0.4023542194856936,0,0
0,58994781,7,1287.5,3,133000.0,2,11,5,91,3,151300,1.0,3,2,0,0,0,0,0,0,0,0,14,4.666666666666667,357742.8,350953.2,290500.0,167750.0,0.3333333333333333,570.0,253.0,0.040474515648286136,0.0,1.0,1.2314726333907056,0,0
1,54988117,7,1346.0,1,148000.0,2,11,5,105,3,350000,244.94897430000003,11,4,3,0,1,1,158,158,4,1,81,7.363636363636363,1380273.6,1349493.6,1130871.0,25300.0,0.9090909090909091,3950.0,287.0,0.0,0.09090909090909091,0.9529411764705882,1.2205402738243354,1,0
0,54988422,7,1289.0,1,144000.0,2,11,5,100,3,71000,200.0,12,5,4,6,38,35,32384,31500,48,4,63,5.25,909049.2000000001,625466.4,550500.0,46200.0,0.8333333333333334,4150.0,217.0,0.10303896103896103,0.3333333333333333,0.5675675675675675,1.65131553133515,1,0
0,54992357,4,1257.5,3,81000.0,2,8,8,107,4,72001,1.0,3,1,0,0,0,0,0,0,0,0,17,5.666666666666667,92722.8,92110.8,77258.0,104500.0,0.6666666666666666,609.0,95.0,0.8814430622009569,0.0,1.0,1.200170856092573,0,0
0,58986298,5,,2,116000.0,2,15,5,110,4,510037,214.8441295,19,4,1,2,13,13,4061,4061,16,1,293,15.421052631578947,1052918.4,728533.2,610929.0,119900.0,0.8421052631578947,3783.0,339.0,0.4992060050041702,0.05263157894736842,0.948220064724919,1.72347097616908,1,1
0,54989513,4,1304.0,1,257000.0,2,8,5,75,5,72000,212.1320344,17,5,0,0,0,0,0,0,0,0,223,13.117647058823529,2897344.8000000003,2694366.0,2500500.0,651750.0,0.5882352941176471,4094.0,280.0,0.17997514384349828,0.0,1.0,1.1587061787642472,0,0
0,58993039,7,1286.0,1,86000.0,2,11,-1,95,5,72000,1.0,6,2,0,0,0,0,0,0,0,0,98,16.333333333333332,506950.8,245457.6,250500.0,119900.0,0.6666666666666666,1106.0,476.0,0.5213544620517098,0.0,1.0,2.0237556886227543,0,0
0,58988933,7,1277.0,3,50000.0,2,11,5,103,5,151301,198.0050504,4,2,3,0,0,0,60,60,3,1,84,21.0,1824620.4,1807909.2,2276500.0,33000.0,0.75,1378.0,453.0,0.001709090909090909,0.25,0.9655172413793104,0.801502481880079,1,0
0,58990200,7,1268.0,3,101000.0,2,11,4,108,5,450032,200.0,12,4,21,5,0,0,815,530,26,2,153,12.75,123074.4,73851.6,71300.0,55000.0,0.9166666666666666,2132.0,402.0,0.3430472727272727,0.16666666666666666,0.8547486033519553,1.7261486676016828,1,0
0,58990836,7,1244.0,3,130000.0,2,11,5,98,5,450054,282.8427125,17,3,0,0,0,0,0,0,0,0,410,24.11764705882353,1014459.6,378247.2,376285.0,800800.0,0.7647058823529411,5650.0,651.0,0.9290244755244755,0.0,1.0,2.695987350013952,0,0
1,59003724,4,1332.5,1,106000.0,2,8,5,100,3,60033,1.0,1,1,0,0,0,0,0,0,0,0,35,35.0,14822.4,14822.4,37944.0,0.0,1.0,1576.0,1576.0,,0.0,1.0,0.39063883617963313,0,0
0,58996294,7,1239.5,1,110000.0,2,11,5,80,3,60064,1.0,4,2,0,0,0,0,0,0,0,0,26,6.5,1367349.6,692930.4,470500.0,107800.0,0.75,683.0,345.0,0.19283487940630797,0.0,1.0,2.9061628055260362,0,0
0,58985356,5,1251.5,3,124000.0,2,15,9,112,4,60091,200.0,5,3,0,0,0,0,0,0,0,0,78,15.6,138847.2,112641.6,150500.0,208450.0,0.6,1856.0,598.0,0.07144159270808348,0.0,1.0,0.9225727574750832,0,0
0,58982583,5,1278.5,3,143000.0,2,15,5,111,5,60017,1.0,17,4,6,0,2,2,422,360,8,6,244,14.352941176470589,11438.400000000001,5832.0,185500.0,261800.0,0.7647058823529411,7904.0,2041.0,0.019544690603514134,0.35294117647058826,0.9682539682539683,0.06166253369272238,1,0
1,54985691,7,1241.0,3,71000.0,2,11,-1,80,5,450071,187.08286930000003,6,2,0,0,0,0,0,0,0,0,27,4.5,201859.2,88140.0,81574.0,136400.0,0.6666666666666666,987.0,402.0,1.0607771260997068,0.0,1.0,2.4745531664500944,0,0
0,58996802,7,1292.0,1,132000.0,2,11,5,64,3,60018,187.08286930000003,10,3,0,0,0,0,0,0,0,0,177,17.7,101860.8,61480.8,275500.0,22000.0,0.9,3298.0,264.0,2.7945818181818183,0.0,1.0,0.3697306715063521,0,0
0,59001188,4,,2,69000.0,2,8,-1,112,4,60048,166.0331292,4,3,1,2,3,3,529,529,6,1,88,22.0,285880.8,197716.8,250500.0,115500.0,0.75,3044.0,926.0,0.7633246753246753,0.25,0.9361702127659575,1.1412407185628741,1,1
0,58989709,7,1352.0,3,71000.0,2,11,5,104,5,60093,1.0,5,3,1,0,0,0,1,1,1,1,101,20.2,16939.2,16939.2,32500.0,0.0,1.0,3498.0,1346.0,,0.2,0.9901960784313726,0.5212061538461539,1,0
0,58985684,5,1239.5,3,68000.0,2,15,5,100,5,60054,223.6067977,2,1,0,0,0,0,0,0,0,0,24,12.0,52819.2,46560.0,99077.0,135300.0,0.5,1031.0,629.0,0.3441241685144124,0.0,1.0,0.5331126295709397,0,0
1,54986948,7,1353.5,1,173000.0,2,11,5,65,5,350018,212.1320344,8,2,23,46,1,1,4680,3180,70,3,72,9.0,1898409.6,1779168.0,2450500.0,55000.0,0.875,10367.0,959.0,2.168029090909091,0.375,0.5070422535211268,0.7747029585798817,1,0
0,59003649,4,1386.5,1,87000.0,2,8,5,105,4,60008,228.5432125,8,2,2,2,15,12,3675,2795,19,3,93,11.625,1132269.6,556935.6,509718.0,0.0,1.0,4713.0,498.0,,0.375,0.8303571428571429,2.2213647546290303,1,0
0,58987924,5,1236.5,1,104000.0,2,15,3,112,3,550016,200.0,16,5,0,0,0,0,0,0,0,0,176,11.0,228306.0,91060.8,107556.0,114400.0,0.9375,3854.0,388.0,0.795986013986014,0.0,1.0,2.1226709806984267,0,0
0,59002731,4,1241.0,3,30000.0,2,8,9,114,3,151300,1.0,4,3,0,0,0,0,0,0,0,0,14,3.5,18199.2,18199.2,35100.0,0.0,1.0,444.0,372.0,,0.0,1.0,0.5184957264957265,0,0
0,58990236,7,1335.5,3,546000.0,2,11,3,80,5,330008,1.0,13,3,2,0,0,0,30,30,2,1,279,21.46153846153846,824323.2,348283.2,500500.0,1042140.0,0.6153846153846154,4609.0,698.0,0.6151557372330013,0.07692307692307693,0.9928825622775801,1.6469994005994004,1,0
0,58983845,5,,2,62000.0,1,15,5,111,4,151300,186.8742893,8,3,0,0,0,0,0,0,0,0,151,18.875,117554.4,89176.8,150500.0,254100.0,0.5,1354.0,632.0,0.03395985832349469,0.0,1.0,0.7810923588039866,0,1
0,59000129,4,1356.5,3,143000.0,2,8,5,107,5,60054,158.11388300000002,5,3,1,0,0,0,10,10,1,1,69,13.8,17910.0,17408.4,100500.0,121000.0,0.8,2073.0,611.0,0.004145454545454546,0.2,0.9857142857142858,0.1782089552238806,1,0
0,58992592,7,1250.0,1,121000.0,2,11,-1,112,4,350091,212.1320344,4,2,1,0,0,0,1,1,1,1,35,8.75,321345.60000000003,271628.4,334899.0,110000.0,0.5,3179.0,443.0,0.4519963636363637,0.25,0.9722222222222222,0.9595298881155215,1,0
0,59000502,4,1323.5,1,127000.0,2,8,5,109,4,60077,223.6067977,7,2,0,0,0,0,0,0,0,0,140,20.0,3471.6000000000004,3472.8,650500.0,173800.0,0.5714285714285714,2090.0,520.0,-6.904487917146144e-06,0.0,1.0,0.005336817832436588,0,0
0,54992408,4,1314.5,1,53000.0,2,8,5,103,5,151300,187.5393292,24,7,1,0,0,0,29,29,1,1,304,12.666666666666666,2093804.4,898561.2,900500.0,221100.0,0.8333333333333334,4051.0,282.0,0.42286567164179106,0.041666666666666664,0.9967213114754099,2.3251575791227097,1,0
0,58998624,4,1304.0,3,129000.0,2,8,5,111,4,60001,223.6067977,3,1,0,0,0,0,0,0,0,0,96,32.0,11397.6,8647.2,60470.0,233200.0,0.3333333333333333,2439.0,1123.0,0.038866209262435676,0.0,1.0,0.18848354555978172,0,0
0,54983279,5,,2,89000.0,2,15,2,87,3,60036,171.9098601,3,1,0,0,0,0,0,0,0,0,9,3.0,10957.2,9272.4,41048.0,34100.0,0.6666666666666666,589.0,387.0,0.01974193548387097,0.0,1.0,0.26693626973299556,0,1
0,59001932,4,1238.0,3,104000.0,2,8,5,109,3,60047,173.20508080000002,6,5,19,1,0,0,562,319,20,2,102,17.0,506976.0,320884.8,400500.0,58300.0,0.8333333333333334,1433.0,591.0,0.4539210977701543,0.3333333333333333,0.8360655737704918,1.2658576779026218,1,0
1,58982776,5,1164.5,3,35000.0,2,15,5,67,5,60082,200.0,7,3,0,0,0,0,0,0,0,0,97,13.857142857142858,2228155.1999999997,1799221.2,1960500.0,33000.0,0.8571428571428571,2064.0,579.0,-0.0006545454545454546,0.0,1.0,1.1365239479724558,0,0
1,58992419,7,1382.0,3,115000.0,2,11,5,100,5,60058,1.0,6,5,0,0,25,25,22500,22500,25,1,26,4.333333333333333,344928.0,308448.0,200500.0,0.0,1.0,4256.0,326.0,,0.16666666666666666,0.5098039215686274,1.7203391521197007,1,0
0,54988645,7,1350.5,1,235000.0,2,11,5,113,3,350704,360.5551275,17,4,3,2,0,0,136,129,5,3,224,13.176470588235293,2464880.4,2403082.8,2100500.0,416900.0,0.8823529411764706,4816.0,477.0,0.09450035979851283,0.17647058823529413,0.9781659388646288,1.1734731730540346,1,0
0,54984070,5,,2,83000.0,2,15,5,111,3,151300,181.6590212,2,1,0,0,0,0,0,0,0,0,39,19.5,258066.0,258066.0,247117.0,0.0,1.0,1542.0,554.0,,0.0,1.0,1.04430694772112,0,1
0,54987807,7,1227.5,3,64000.0,2,11,5,76,3,60005,212.1320344,12,3,1,0,0,0,15,15,1,1,170,14.166666666666666,105978.0,80816.4,110500.0,11000.0,0.9166666666666666,3724.0,496.0,0.6937090909090909,0.08333333333333333,0.9941520467836257,0.959076923076923,1,0
0,58989774,7,1281.5,1,80000.0,2,12,-1,111,5,60019,235.1148655,10,3,0,0,0,0,0,0,0,0,125,12.5,91040.4,43545.6,250500.0,91300.0,0.9,2683.0,537.0,0.47695071193866373,0.0,1.0,0.3634347305389221,0,0
0,59004203,4,1250.0,3,103000.0,2,8,9,104,5,60071,207.3644135,3,2,0,0,0,0,0,0,0,0,31,10.333333333333334,13498.8,13498.8,46700.0,82500.0,0.6666666666666666,590.0,453.0,0.16362181818181817,0.0,1.0,0.28905353319057814,0,0
0,54988630,7,1329.5,1,115000.0,2,11,-1,86,3,341349,141.4213562,13,4,3,0,0,0,70,43,3,2,173,13.307692307692308,123421.2,75573.6,100500.0,0.0,1.0,3443.0,207.0,,0.15384615384615385,0.9829545454545454,1.2280716417910447,1,0
0,54991321,4,,2,38000.0,2,8,5,114,3,60014,159.066024,3,2,0,0,0,0,0,0,0,0,21,7.0,268761.6,170817.6,164879.0,72600.0,0.6666666666666666,559.0,356.0,1.1837190082644629,0.0,1.0,1.6300535544247599,0,1
0,59002318,4,1224.5,3,59000.0,2,8,5,80,3,60044,200.0,2,1,1,0,0,0,3,3,1,1,38,19.0,25263.6,24858.0,49887.0,0.0,1.0,1189.0,695.0,,0.5,0.9743589743589743,0.5064165012929219,1,0
1,58986727,5,1214.0,3,68000.0,2,15,5,92,3,550044,173.20508080000002,7,3,0,0,0,0,0,0,0,0,79,11.285714285714286,443676.0,127250.4,111800.0,256300.0,0.7142857142857143,1770.0,345.0,0.8518829496683574,0.0,1.0,3.968479427549195,0,0
0,58990951,7,1379.0,3,144000.0,2,11,5,113,4,151008,200.0,2,2,0,0,0,0,0,0,0,0,38,19.0,59620.8,59620.8,1532808.0,0.0,1.0,1406.0,1178.0,,0.0,1.0,0.03889645669907777,0,0
0,58994773,7,1257.5,3,80000.0,2,11,5,103,5,60047,1.0,2,1,0,0,0,0,0,0,0,0,15,7.5,108949.2,103656.0,86880.0,111100.0,0.5,610.0,356.0,0.932997299729973,0.0,1.0,1.2540193370165746,0,0
0,59002945,4,1260.5,3,74000.0,2,8,5,113,4,151300,1.0,6,3,0,0,0,0,0,0,0,0,38,6.333333333333333,280170.0,153600.0,128500.0,86900.0,0.8333333333333334,879.0,218.0,0.06563406214039126,0.0,1.0,2.1803112840466925,0,0
0,58983813,5,1292.0,3,172000.0,2,15,8,113,5,350092,223.6067977,12,3,0,0,0,0,0,0,0,0,271,22.583333333333332,2151513.6,2058116.4,1838209.0,434280.0,0.5,3041.0,485.0,0.21288477479966844,0.0,1.0,1.170440140375768,0,0
0,54984774,5,1278.5,3,35000.0,2,15,5,80,5,60005,1.0,10,2,10,3,9,9,1677,1470,22,3,117,11.7,5248.8,5230.8,52700.0,36300.0,0.9,7124.0,1139.0,0.0,0.3,0.841726618705036,0.0995977229601518,1,0
0,54984388,5,1275.5,3,112000.0,2,15,5,85,5,340022,158.11388300000002,6,1,1,0,0,0,1,1,1,1,165,27.5,20182.8,17788.8,38546.0,68200.0,0.3333333333333333,3137.0,1498.0,0.03665102639296188,0.16666666666666666,0.9939759036144579,0.5236029678825299,1,0
0,58999668,4,1290.5,3,130000.0,2,8,9,114,4,60053,1.0,4,3,0,0,0,0,0,0,0,0,49,12.25,486318.0,243195.6,200500.0,121000.0,0.75,1238.0,504.0,0.29588429752066114,0.0,1.0,2.4255261845386533,0,0
0,54988132,7,1314.5,1,127000.0,2,11,9,110,3,60008,1.0,4,2,0,0,0,0,0,0,0,0,81,20.25,271364.4,265105.2,350500.0,265100.0,0.5,1507.0,476.0,0.07701093926820068,0.0,1.0,0.7742208273894438,0,0
0,58983048,5,1341.5,3,66000.0,2,15,4,73,5,450083,181.6590212,1,1,0,0,0,0,0,0,0,0,28,28.0,237541.2,237541.2,675500.0,0.0,1.0,1160.0,1160.0,,0.0,1.0,0.3516524056254626,0,0
0,59002841,4,,2,113000.0,2,8,9,93,5,72001,211.8419222,3,1,0,0,0,0,0,0,0,0,22,7.333333333333333,39099.600000000006,30650.4,26042.0,120780.0,0.3333333333333333,517.0,338.0,0.06995529061102833,0.0,1.0,1.5014054220105986,0,1
0,54989291,4,1322.0,3,146000.0,2,8,9,100,5,72000,1.0,2,1,0,0,0,0,0,0,0,0,17,8.5,943.2,636.0,11085.0,83600.0,0.5,687.0,479.0,0.0036746411483253587,0.0,1.0,0.08508795669824087,0,0
0,58993461,7,,3,50000.0,2,12,-1,114,4,335534,188.769701,7,3,0,0,0,0,0,0,0,0,114,16.285714285714285,411729.60000000003,360000.0,300500.0,106700.0,0.8571428571428571,2404.0,125.0,0.4094283036551078,0.0,1.0,1.3701484193011648,0,1
0,59005303,4,1310.0,1,167000.0,2,8,9,105,3,151300,320.1202899,7,2,0,0,0,0,0,0,0,0,125,17.857142857142858,1357998.0000000002,1319217.6,1195445.0,298100.0,0.5714285714285714,1358.0,218.0,0.012539416303253942,0.0,1.0,1.1359769792838652,0,0
0,54986067,7,1271.0,3,137000.0,2,11,5,68,5,60008,233.2873764,1,1,0,0,0,0,0,0,0,0,6,6.0,42679.2,42679.2,36066.0,102300.0,0.0,395.0,395.0,0.4171964809384164,0.0,1.0,1.183363832972883,0,0
0,59005680,4,1274.0,1,93000.0,1,8,5,100,3,60019,173.20508080000002,4,3,0,0,0,0,0,0,0,0,69,17.25,83211.6,69159.6,97000.0,62700.0,0.75,1141.0,598.0,1.1030239234449761,0.0,1.0,0.8578515463917527,0,0
0,58999012,4,1166.0,3,176000.0,2,8,5,87,5,60094,1.0,10,4,2,0,0,0,17,15,2,2,157,15.7,689788.8,279524.4,360500.0,225500.0,0.7,1893.0,388.0,0.3973782705099778,0.2,0.9874213836477987,1.9134224687933428,1,0
0,58991182,7,1244.0,3,84000.0,2,11,5,108,4,72000,1.0,5,3,1,2,2,2,450,450,5,1,86,17.2,633604.8,409248.0,350500.0,68200.0,0.8,1427.0,366.0,-0.0020938416422287393,0.2,0.945054945054945,1.8077169757489302,1,0
0,54984211,5,1311.5,3,134000.0,2,15,5,113,5,60015,1.0,13,4,6,6,0,0,389,230,12,3,207,15.923076923076923,4209436.8,3209468.4,2700500.0,506550.0,0.6923076923076923,2836.0,427.0,0.22873082617708027,0.23076923076923078,0.9452054794520548,1.558762007035734,1,0
0,58997112,7,1202.0,3,63000.0,2,11,-1,112,4,60057,1.0,7,3,2,0,0,0,38,27,2,2,98,14.0,262334.4,119360.4,160500.0,191400.0,0.5714285714285714,1358.0,551.0,0.5667272727272727,0.2857142857142857,0.98,1.6344822429906543,1,0
0,54991742,4,1245.5,3,50000.0,2,8,5,88,3,340017,300.0,32,8,6,2,0,0,205,180,8,2,442,13.8125,3513901.2,2773419.6,2376998.0,194150.0,0.9375,4348.0,4.0,0.6369981972701521,0.0625,0.9822222222222222,1.4782937133308485,1,0
1,58986996,5,1250.0,3,50000.0,2,15,5,84,5,350702,200.0,6,2,2,0,0,0,48,48,2,1,41,6.833333333333333,132098.4,120698.4,139500.0,0.0,1.0,2107.0,317.0,,0.16666666666666666,0.9534883720930233,0.946941935483871,1,0
0,54984235,5,1365.5,3,77000.0,2,15,5,109,4,60084,1.0,2,2,0,0,0,0,0,0,0,0,9,4.5,118608.0,120000.0,100500.0,0.0,1.0,457.0,321.0,,0.0,1.0,1.180179104477612,0,0
0,54988125,7,1305.5,1,136000.0,2,11,-1,105,4,60061,1.0,2,2,0,0,0,0,0,0,0,0,51,25.5,30520.8,30520.8,100500.0,163900.0,0.5,2127.0,678.0,0.18621598535692496,0.0,1.0,0.30368955223880595,0,0
1,58984645,5,1244.0,3,30000.0,2,15,5,100,5,60014,223.6067977,14,4,2,0,0,0,37,30,2,2,168,12.0,554574.0,284187.6,300500.0,94600.0,0.8571428571428571,2710.0,365.0,0.9720126849894292,0.14285714285714285,0.9882352941176471,1.8455041597337771,1,0
0,59002775,4,1301.0,3,144000.0,2,8,9,113,4,60001,212.1320344,9,5,1,0,0,0,25,25,1,1,68,7.555555555555555,132764.4,117514.8,405500.0,189200.0,0.8888888888888888,1427.0,255.0,0.03614587737843552,0.1111111111111111,0.9855072463768116,0.3274091245376079,1,0
1,58994744,7,1332.5,1,141000.0,2,11,5,109,5,72412,1.0,4,2,0,0,0,0,0,0,0,0,67,16.75,389158.8,211982.4,210500.0,154000.0,0.5,1406.0,64.0,0.08244155844155844,0.0,1.0,1.8487353919239904,0,0
0,58994048,7,1239.5,3,99000.0,2,11,5,110,4,60027,1.0,2,1,0,0,0,0,0,0,0,0,32,16.0,23259.6,21915.6,46398.0,108900.0,0.5,884.0,641.0,0.20124517906336087,0.0,1.0,0.501306090779775,0,0
0,54986045,7,1284.5,3,132000.0,2,11,5,104,5,60015,1.0,9,3,0,0,0,0,0,0,0,0,92,10.222222222222221,80796.0,34320.0,64850.0,222200.0,0.5555555555555556,1292.0,416.0,0.10974977497749776,0.0,1.0,1.2458905165767156,0,0
0,54983601,5,1241.0,3,35000.0,2,15,5,104,5,151300,243.3536521,6,3,1,0,0,0,30,30,1,1,93,15.5,713263.2,304827.6,770500.0,112200.0,0.8333333333333334,2297.0,425.0,0.24237433155080215,0.16666666666666666,0.9893617021276596,0.9257147306943543,1,0
0,58993583,7,1338.5,1,156000.0,2,11,-1,69,5,151300,1.0,8,3,0,0,0,0,0,0,0,0,140,17.5,214695.6,181030.8,173080.0,189200.0,0.875,2558.0,623.0,0.9568224101479915,0.0,1.0,1.2404414143748557,0,0
0,58991753,7,1287.5,1,119000.0,2,11,5,85,5,60031,187.08286930000003,4,4,0,0,0,0,0,0,0,0,38,9.5,125973.6,115996.8,150500.0,53900.0,0.75,2808.0,386.0,0.18509833024118738,0.0,1.0,0.8370338870431894,0,0
0,59004489,4,1262.0,3,155000.0,2,8,5,110,4,72001,248.3022352,7,5,3,3,3,3,730,615,9,3,80,11.428571428571429,61875.6,61952.4,202500.0,22000.0,0.8571428571428571,4174.0,559.0,-0.003490909090909091,0.42857142857142855,0.898876404494382,0.3055585185185185,1,0
0,58991029,7,1328.0,1,105000.0,2,11,-1,109,4,60095,200.0,2,2,0,0,0,0,0,0,0,0,6,3.0,346132.8,258476.4,400500.0,0.0,1.0,1393.0,1243.0,,0.0,1.0,0.8642516853932584,0,0
1,58992006,7,1272.5,3,50000.0,2,11,7,115,4,60007,1.0,5,1,0,0,0,0,0,0,0,0,21,4.2,73022.4,31500.0,32000.0,0.0,1.0,628.0,453.0,,0.0,1.0,2.2819499999999997,0,0
0,58995283,7,1229.0,1,170000.0,1,11,5,91,3,550115,244.94897430000003,13,6,0,0,0,0,0,0,0,0,115,8.846153846153847,1019577.6,440862.0,500500.0,63800.0,0.9230769230769231,1241.0,253.0,0.5336802507836991,0.0,1.0,2.037118081918082,0,0
0,54987316,7,1257.5,3,107000.0,2,11,5,113,4,450071,200.0,12,6,0,0,0,0,0,0,0,0,137,11.416666666666666,420608.39999999997,281086.8,304879.0,145200.0,0.75,1310.0,188.0,0.15746280991735537,0.0,1.0,1.3795912476753072,0,0
0,54988624,7,1274.0,1,120000.0,2,11,5,84,5,151300,1.0,20,2,5,1,0,0,123,92,6,3,361,18.05,15266.4,6499.2,314539.0,846450.0,0.4,3521.0,607.0,0.009084529505582138,0.15,0.9836512261580381,0.04853579365356919,1,0
0,59002619,4,1223.0,3,100000.0,2,8,9,114,4,60000,1.0,5,1,0,0,0,0,0,0,0,0,63,12.6,49072.8,26019.6,46366.0,183700.0,0.6,962.0,187.0,0.04837234621665759,0.0,1.0,1.0583789846007852,0,0
0,54990339,4,1305.5,1,90000.0,2,8,5,93,5,60085,200.0,2,2,0,0,0,0,0,0,0,0,23,11.5,624787.2,621036.0,480500.0,0.0,1.0,939.0,458.0,,0.0,1.0,1.300285535900104,0,0
1,58994856,7,1215.5,3,60000.0,2,11,-1,112,4,450081,158.11388300000002,5,2,0,0,0,0,0,0,0,0,41,8.2,99052.8,51232.8,63091.0,130900.0,0.6,903.0,95.0,0.26283575248281127,0.0,1.0,1.5699988904915123,0,0
0,54992395,4,,2,91000.0,2,8,-1,107,3,60018,1.0,7,2,0,0,0,0,0,0,0,0,120,17.142857142857142,41641.2,34479.6,128298.0,38500.0,0.7142857142857143,1933.0,461.0,0.9327272727272727,0.0,1.0,0.3245662442126923,0,1
0,58989600,7,1293.5,3,149000.0,2,11,9,84,5,151300,202.4845673,9,2,0,0,0,0,0,0,0,0,180,20.0,414165.60000000003,100155.6,121376.0,376200.0,0.6666666666666666,1577.0,590.0,0.7986889952153111,0.0,1.0,3.412252834168205,0,0
0,58998658,4,1311.5,1,169000.0,2,8,-1,112,5,72000,1.0,5,2,1,1,0,0,75,75,2,1,88,17.6,656623.2000000001,605736.0,570500.0,267300.0,0.4,1696.0,765.0,0.19037485970819307,0.2,0.9777777777777777,1.150960911481157,1,0
0,58987491,5,1241.0,3,84000.0,2,15,5,87,3,60074,1.0,4,3,0,0,0,0,0,0,0,0,43,10.75,376809.6,284367.6,278910.0,127600.0,0.75,2007.0,156.0,0.36763636363636365,0.0,1.0,1.3510078519952673,0,0
0,58998706,4,,2,90000.0,2,8,5,79,5,72001,173.20508080000002,12,4,2,0,0,0,29,28,2,2,176,14.666666666666666,118207.2,82926.0,190500.0,141900.0,0.8333333333333334,4714.0,460.0,0.5843974630021141,0.16666666666666666,0.9887640449438202,0.6205102362204724,1,1
0,58988855,7,1328.0,3,163000.0,2,11,9,79,5,60062,1.0,8,4,6,0,0,0,35,35,6,1,167,20.875,90762.0,41209.2,260200.0,293562.5,0.625,3627.0,429.0,0.06536257185437513,0.125,0.9653179190751445,0.3488162951575711,1,0
0,58997329,4,,2,65000.0,2,8,5,112,4,60015,191.8801709,10,2,0,0,0,0,0,0,0,0,210,21.0,270855.6,170769.6,274920.0,249150.0,0.8,4311.0,906.0,0.7908777844671885,0.0,1.0,0.9852160628546486,0,1
1,58987200,5,,2,126000.0,2,15,9,83,5,450058,176.0681686,9,2,0,0,0,0,0,0,0,0,150,16.666666666666668,391456.8,216960.0,226916.0,297000.0,0.7777777777777778,2072.0,252.0,0.7811030303030303,0.0,1.0,1.7251176646864919,0,1
0,58984430,5,1316.0,3,147000.0,2,15,9,105,5,361029,173.20508080000002,7,4,4,9,29,24,9056,8290,42,3,84,12.0,65814.0,41737.2,75260.0,55000.0,0.8571428571428571,3703.0,394.0,0.7588581818181818,0.42857142857142855,0.6666666666666666,0.8744884400744087,1,0
0,54982727,5,1305.5,3,157000.0,2,15,9,111,5,71000,249.7999199,18,6,13,12,25,14,5004,2420,50,6,124,6.888888888888889,1429526.4000000001,444398.4,375400.0,138600.0,0.8333333333333334,3443.0,433.0,0.029177489177489177,0.3333333333333333,0.7126436781609196,3.8080085242408104,1,0
0,58997840,4,,2,90000.0,2,8,5,113,4,151307,189.5837546,9,2,0,0,0,0,0,0,0,0,141,15.666666666666666,567182.4,183824.4,200500.0,206800.0,0.5555555555555556,2137.0,617.0,0.9560541586073501,0.0,1.0,2.8288399002493767,0,1
0,58992450,7,,2,78000.0,2,11,9,84,3,60031,175.6331404,7,2,5,6,61,35,36299,22884,72,5,78,11.142857142857142,0.0,0.0,70500.0,27500.0,0.8571428571428571,3592.0,2691.0,0.0,0.7142857142857143,0.52,0.0,1,1
0,58983266,5,1209.5,3,35000.0,2,15,5,78,5,71000,227.015418,12,5,2,0,0,0,16,15,2,2,158,13.166666666666666,1057498.8,575247.6,499500.0,75900.0,0.75,1939.0,518.0,1.0798418972332016,0.16666666666666666,0.9875,2.117114714714715,1,0
0,54988258,7,1320.5,1,119000.0,2,11,5,96,3,60043,212.1320344,1,1,0,0,0,0,0,0,0,0,32,32.0,7562.4,7562.4,27097.0,39600.0,0.0,1245.0,1245.0,0.19096969696969696,0.0,1.0,0.2790862457098572,0,0
0,59004394,4,1292.0,3,187000.0,2,8,-1,114,4,60019,273.0347963,2,1,0,0,0,0,0,0,0,0,37,18.5,54134.4,54134.4,48356.0,46200.0,0.5,1089.0,452.0,1.1717402597402597,0.0,1.0,1.119497063446108,0,0
0,58991802,7,1326.5,1,141000.0,2,11,-1,67,5,60007,1.0,11,3,2,2,0,0,75,42,4,2,129,11.727272727272727,281593.2,135660.0,200500.0,0.0,1.0,7020.0,513.0,,0.18181818181818182,0.9699248120300752,1.4044548628428928,1,0
0,54989871,4,1380.5,3,270000.0,2,8,5,64,5,60023,1.0,1,1,0,0,0,0,0,0,0,0,2,2.0,4581.6,4581.6,196629.0,227700.0,0.0,3581.0,3581.0,0.020121212121212123,0.0,1.0,0.023300733869368203,0,0
0,54986764,7,1304.0,1,111000.0,2,11,9,113,4,151300,1.0,2,1,0,0,0,0,0,0,0,0,25,12.5,3514.8,3598.8,9450.0,93500.0,0.5,841.0,667.0,0.038489839572192514,0.0,1.0,0.37193650793650795,0,0
0,54986705,7,1233.5,3,56000.0,2,11,5,80,5,60052,1.0,3,2,0,0,0,0,0,0,0,0,30,10.0,330758.39999999997,324123.6,270603.0,86900.0,0.3333333333333333,841.0,394.0,3.8061956271576523,0.0,1.0,1.2223013048635822,0,0
0,58991922,7,1365.5,1,150000.0,2,12,-1,110,5,350012,1.0,9,3,0,0,0,0,0,0,0,0,185,20.555555555555557,732877.2,719449.2,1519500.0,259600.0,0.7777777777777778,3327.0,428.0,0.009637904468412943,0.0,1.0,0.48231470878578475,0,0
1,58985795,5,1389.5,3,38000.0,2,15,5,109,5,450015,158.5370619,13,4,0,0,0,0,0,0,0,0,206,15.846153846153847,2359290.0,1631500.8,1439560.0,176000.0,0.8461538461538461,4018.0,796.0,3.1641000000000004,0.0,1.0,1.638896607296674,0,0
0,58989550,7,1283.0,3,67000.0,2,11,5,114,4,60026,200.0,12,4,0,0,0,0,0,0,0,0,91,7.583333333333333,61689.6,33223.2,50500.0,80300.0,0.8333333333333334,1978.0,599.0,0.4137384806973848,0.0,1.0,1.2215762376237624,0,0
1,59005543,4,1302.5,1,239000.0,1,8,5,100,3,60043,380.7886553,5,2,0,0,0,0,0,0,0,0,96,19.2,824683.2,366463.2,390500.0,526900.0,0.8,1738.0,203.0,0.5480941355095843,0.0,1.0,2.1118647887323942,0,0
1,58989781,7,1241.0,1,70000.0,2,11,-1,106,4,450032,200.0,13,3,0,0,0,0,0,0,0,0,120,9.23076923076923,171009.6,60000.0,64000.0,106700.0,0.7692307692307693,2914.0,560.0,0.7134208059981256,0.0,1.0,2.672025,0,0
0,54991368,4,1271.0,3,99000.0,2,8,5,114,4,151300,232.8647676,3,2,0,0,0,0,0,0,0,0,54,18.0,240921.6,187299.6,200500.0,40700.0,0.6666666666666666,1214.0,473.0,0.6607665847665848,0.0,1.0,1.2016039900249378,0,0
1,54987636,7,1214.0,3,59000.0,2,11,5,84,3,72001,223.6067977,3,1,0,0,0,0,0,0,0,0,21,7.0,82863.59999999999,70957.2,61396.0,67100.0,0.6666666666666666,448.0,430.0,1.05748435171386,0.0,1.0,1.3496579581731707,0,0
0,58985909,5,1256.0,3,128000.0,2,15,5,114,4,510065,167.33200530000002,5,3,0,0,0,0,0,0,0,0,47,9.4,201936.0,114518.4,113011.0,133100.0,0.6,1395.0,497.0,0.8603936889556724,0.0,1.0,1.7868703046606083,0,0
0,58983160,5,1364.0,3,134000.0,2,15,5,83,5,72000,316.22776600000003,5,3,14,8,9,9,2636,2269,31,3,113,22.6,37438.8,37566.0,250500.0,143000.0,0.8,2794.0,1408.0,-0.000427972027972028,0.6,0.7847222222222222,0.14945628742514971,1,0
0,54990275,4,,2,94000.0,2,8,9,81,5,71000,176.5389475,15,4,1,2,1,1,344,180,4,2,295,19.666666666666668,412214.4,172179.6,170500.0,132770.0,0.6,3981.0,380.0,0.4091225427430895,0.13333333333333333,0.9866220735785953,2.4176797653958944,1,1
1,59003268,4,1281.5,3,95000.0,1,8,5,93,5,60047,173.20508080000002,4,2,0,0,0,0,0,0,0,0,20,5.0,58960.8,32218.8,59369.0,64900.0,0.75,537.0,156.0,0.49643759630200307,0.0,1.0,0.9931243578298439,0,0
0,58997888,4,1352.0,3,175000.0,2,8,9,105,5,60004,219.089023,11,1,7,6,6,3,1281,757,19,2,211,19.181818181818183,11656.800000000001,11073.6,79671.0,334400.0,0.5454545454545454,3698.0,1052.0,0.03485885167464115,0.18181818181818182,0.9173913043478261,0.14631170689460407,1,0
0,59001107,4,1272.5,3,180000.0,2,8,5,110,4,60091,1.0,2,1,0,0,0,0,0,0,0,0,35,17.5,66056.4,44738.4,77046.0,80300.0,0.5,1214.0,464.0,0.5571407222914072,0.0,1.0,0.8573631337123276,0,0
0,58996112,7,1248.5,3,76000.0,2,11,5,95,3,72000,200.0,11,4,0,0,0,0,0,0,0,0,156,14.181818181818182,575224.8,184940.4,220879.0,105600.0,0.8181818181818182,2142.0,428.0,0.8782954545454545,0.0,1.0,2.604253007302641,0,0
0,58992849,7,1380.5,3,271000.0,2,11,9,81,5,60027,300.1299718,14,3,14,14,17,11,6698,4629,45,4,100,7.142857142857143,126362.4,59204.4,110270.0,97900.0,0.7857142857142857,5019.0,296.0,-2.4514811031664963e-05,0.2857142857142857,0.6896551724137931,1.14593633807926,1,0
1,59003507,4,1278.5,3,101000.0,2,8,5,112,4,72000,1.0,2,1,0,0,0,0,0,0,0,0,21,10.5,4563.599999999999,4459.2,81060.0,105600.0,0.5,654.0,363.0,0.0009886363636363636,0.0,1.0,0.05629903774981494,0,0
0,58989284,7,1248.5,3,146000.0,2,11,10,105,5,350704,339.9441131,16,4,20,9,29,16,11526,6400,58,7,137,8.5625,268692.0,159728.4,133607.0,237600.0,0.875,6212.0,410.0,0.6722575757575757,0.4375,0.7025641025641025,2.0110622946402508,1,0
0,58995726,7,1290.5,1,161000.0,2,11,5,109,3,151300,1.0,9,4,7,5,2,2,641,545,14,2,131,14.555555555555555,606657.6000000001,552410.4,1850500.0,195662.5,0.6666666666666666,3905.0,447.0,0.17670427394109756,0.2222222222222222,0.903448275862069,0.3278344231288841,1,0
1,58999971,4,1320.5,1,128000.0,2,8,-1,112,5,341774,206.4291646,5,4,1,0,0,0,28,28,1,1,108,21.6,1284646.8,1008876.0,1007781.0,49500.0,0.8,3082.0,533.0,0.5918787878787879,0.2,0.9908256880733946,1.2747281403400144,1,0
0,59000105,4,1293.5,3,35000.0,2,8,5,105,5,350071,200.0,1,1,0,0,0,0,0,0,0,0,5,5.0,3837.6,3837.6,4624.0,0.0,1.0,502.0,502.0,,0.0,1.0,0.8299307958477509,0,0
0,58995231,7,1374.5,1,400000.0,2,12,-1,104,5,60000,492.6601263,9,4,0,0,0,0,0,0,0,0,144,16.0,1574811.6,759470.4,700500.0,1014200.0,0.6666666666666666,4957.0,263.0,0.05087280615263262,0.0,1.0,2.2481250535331907,0,0
0,59006193,7,1268.0,3,162000.0,2,11,5,113,4,450081,141.4213562,8,2,0,0,0,0,0,0,0,0,106,13.25,109210.8,87502.8,74541.0,525800.0,0.375,1370.0,386.0,0.1848817040699886,0.0,1.0,1.4651104761138165,0,0
0,58984749,5,1205.0,3,94000.0,2,15,5,103,1,60000,1.0,4,1,6,0,0,0,6,6,6,1,69,17.25,31686.0,13263.6,18466.0,136400.0,0.25,2708.0,749.0,0.1350615835777126,0.25,0.92,1.7159103216722624,1,0
0,54984830,5,1316.0,3,15000.0,2,15,5,114,4,510036,206.9130252,3,2,0,0,0,0,0,0,0,0,45,15.0,275620.8,148100.4,150500.0,88000.0,0.6666666666666666,939.0,347.0,0.0,0.0,1.0,1.831367441860465,0,0
0,58987900,5,1248.5,1,81000.0,2,15,9,79,3,450033,187.08286930000003,9,3,0,0,0,0,0,0,0,0,138,15.333333333333334,74490.0,61935.6,65542.0,144100.0,0.7777777777777778,4061.0,443.0,0.040205412907702985,0.0,1.0,1.1365231454639773,0,0
0,54982916,5,1352.0,3,88000.0,2,15,9,101,5,350091,198.1464105,5,2,0,0,0,0,0,0,0,0,74,14.8,1651636.8,1647417.6,1400500.0,121000.0,0.6,998.0,634.0,0.0016958677685950413,0.0,1.0,1.179319385933595,0,0
0,58984428,5,1304.0,3,140000.0,2,15,5,80,3,151300,187.08286930000003,5,3,0,0,0,0,0,0,0,0,83,16.6,4502.400000000001,4383.6,200500.0,94600.0,0.8,2621.0,1023.0,0.0,0.0,1.0,0.022455860349127183,0,0
0,58996064,7,1230.5,3,69000.0,1,11,9,72,5,151300,187.08286930000003,2,1,0,0,0,0,0,0,0,0,27,13.5,146604.0,113962.8,100642.0,106700.0,0.5,775.0,669.0,1.0680674789128397,0.0,1.0,1.4566880626378649,0,0
0,59002460,4,1328.0,3,123000.0,1,8,5,99,3,151009,173.20508080000002,3,2,0,0,0,0,0,0,0,0,46,15.333333333333334,21846.0,21846.0,48241.0,0.0,1.0,3776.0,1392.0,,0.0,1.0,0.45285130905246573,0,0
0,58997449,4,1403.0,1,184000.0,2,8,-1,80,5,340017,187.08286930000003,9,7,0,0,0,0,0,0,0,0,126,14.0,690603.6,686348.4,621244.0,0.0,1.0,3033.0,1582.0,,0.0,1.0,1.111646309662548,0,0
0,54982356,1,1391.0,1,1200000.0,2,5,-1,64,5,361026,1.0,7,4,0,0,0,0,0,0,0,0,117,16.714285714285715,15944.4,15938.4,600500.0,330000.0,0.8571428571428571,6747.0,3823.0,1.8181818181818182e-05,0.0,1.0,0.026551873438801,0,0
0,58988052,5,1293.5,1,169000.0,2,15,-1,106,5,450017,200.0,13,3,1,0,0,0,1,1,1,1,289,22.23076923076923,72694.8,26516.4,112943.0,506412.5,0.5384615384615384,3562.0,970.0,0.07351240342606077,0.07692307692307693,0.996551724137931,0.6436414828718912,1,0
0,59005843,4,1230.5,1,71000.0,2,8,5,100,5,72001,1.0,2,1,0,0,0,0,0,0,0,0,37,18.5,58818.0,33940.8,42594.0,115500.0,0.0,890.0,660.0,0.5092467532467533,0.0,1.0,1.380898718129314,0,0
0,59004680,4,1370.0,1,273000.0,2,8,9,110,5,60015,1.0,7,4,2,0,0,0,2,2,2,1,109,15.571428571428571,483062.39999999997,466050.0,550500.0,431475.0,0.7142857142857143,2516.0,253.0,0.03942847210151225,0.14285714285714285,0.9819819819819819,0.8774975476839236,1,0
0,54991534,4,1338.5,3,133000.0,1,8,5,80,3,151009,187.08286930000003,8,3,4,1,0,0,120,75,5,2,221,27.625,43230.0,29068.8,100500.0,68200.0,0.875,3257.0,1203.0,0.17093841642228738,0.25,0.9778761061946902,0.4301492537313433,1,0
0,54991100,4,1292.0,3,195000.0,2,8,5,112,4,151300,1.0,5,2,0,0,0,0,0,0,0,0,97,19.4,30675.600000000002,16946.4,112500.0,92620.0,0.6,2284.0,835.0,0.08324335996545022,0.0,1.0,0.272672,0,0
0,58994019,7,,3,156000.0,2,11,5,84,5,450069,165.8312395,9,4,0,0,0,0,0,0,0,0,115,12.777777777777779,53854.799999999996,21831.6,105680.0,27500.0,0.8888888888888888,1808.0,94.0,0.030719999999999997,0.0,1.0,0.5096025738077213,0,1
0,58996823,7,1272.5,1,66000.0,2,11,5,105,5,60014,194.0850329,2,1,0,0,0,0,0,0,0,0,11,5.5,74120.4,74120.4,67500.0,0.0,1.0,428.0,428.0,,0.0,1.0,1.09808,0,0
0,54982897,5,1257.5,3,102000.0,2,15,2,80,3,60005,223.6067977,5,3,0,0,0,0,0,0,0,0,90,18.0,114470.4,65472.0,79435.0,107800.0,0.6,1561.0,400.0,0.6073469387755102,0.0,1.0,1.4410574683703656,0,0
0,59001138,4,,2,100000.0,2,8,9,99,5,71003,199.9749984,12,5,8,0,0,0,170,170,8,1,115,9.583333333333334,399836.4,285997.2,350500.0,25300.0,0.9166666666666666,2222.0,35.0,0.16994466403162056,0.08333333333333333,0.9349593495934959,1.140760057061341,1,1
1,54985832,7,1308.5,3,500000.0,2,11,9,85,5,60001,387.2983346,7,2,0,0,0,0,0,0,0,0,137,19.571428571428573,1369940.4,1295624.4,1200400.0,592900.0,0.5714285714285714,2974.0,416.0,0.010700624051273401,0.0,1.0,1.1412365878040653,0,0
0,59001213,4,1296.5,1,127000.0,2,8,5,112,5,60032,1.0,5,3,1,0,0,0,21,21,1,1,101,20.2,285442.8,205356.0,216500.0,0.0,1.0,2821.0,608.0,,0.2,0.9901960784313726,1.318442494226328,1,0
1,58994493,7,1287.5,3,89000.0,2,11,5,105,5,71004,1.0,4,3,0,0,0,0,0,0,0,0,48,12.0,510794.4,414288.0,300500.0,68200.0,0.75,1727.0,265.0,0.8101055718475073,0.0,1.0,1.6998149750415974,0,0
0,58991651,7,1268.0,3,107000.0,2,11,4,105,5,60091,1.0,5,4,7,1,10,10,3870,3864,18,2,41,8.2,38665.2,26390.4,170600.0,33000.0,0.8,4244.0,539.0,0.7997090909090909,0.4,0.6949152542372882,0.2266424384525205,1,0
1,59004235,4,,2,150000.0,2,8,5,100,3,60018,244.7549795,10,3,14,13,15,14,5843,4830,42,3,106,10.6,157149.59999999998,83078.4,91284.0,0.0,1.0,4205.0,255.0,,0.3,0.7162162162162162,1.7215459445247796,1,1
0,58990154,7,1262.0,3,100000.0,2,11,5,113,4,450071,210.9573417,27,5,5,5,62,35,28886,23065,72,4,245,9.074074074074074,375428.4,215084.4,274500.0,126500.0,0.9259259259259259,3793.0,431.0,0.1740806324110672,0.14814814814814814,0.7728706624605678,1.36768087431694,1,0
0,58985785,5,,3,250000.0,2,15,-1,111,5,450031,187.08286930000003,6,2,8,1,0,0,227,227,9,1,101,16.833333333333332,171187.2,120196.8,172527.0,180400.0,0.5,2262.0,760.0,0.14949445676274944,0.16666666666666666,0.9181818181818182,0.9922342589855502,1,1
0,59003741,4,,2,39000.0,2,8,5,90,3,60001,153.2677396,2,2,0,0,0,0,0,0,0,0,40,20.0,29221.2,29221.2,28500.0,28600.0,0.5,1974.0,612.0,1.0217202797202798,0.0,1.0,1.0253052631578947,0,1
0,58996247,7,1259.0,1,336000.0,2,11,9,112,4,60036,1.0,8,4,12,2,0,0,273,145,14,2,173,21.625,3491478.0,2275002.0,2023725.0,578600.0,0.625,2200.0,352.0,0.14330314552367784,0.25,0.9251336898395722,1.7252729496349553,1,0
0,54983895,5,1223.0,3,59000.0,2,15,5,112,4,510101,200.0,3,2,0,0,0,0,0,0,0,0,24,8.0,22029.6,21882.0,53252.0,60500.0,0.6666666666666666,942.0,501.0,0.36168595041322316,0.0,1.0,0.4136858709532036,0,0
0,54984680,5,1170.5,3,100000.0,2,15,5,86,5,350092,200.0,12,3,6,0,0,0,82,75,6,3,266,22.166666666666668,36386.4,13093.2,42500.0,301400.0,0.5,3029.0,218.0,0.061481088254810884,0.25,0.9779411764705882,0.8561505882352941,1,0
0,54982859,5,1322.0,3,154000.0,2,15,5,110,5,72000,204.9390153,7,4,0,0,0,0,0,0,0,0,110,15.714285714285714,1024590.0,362918.4,300500.0,258500.0,0.5714285714285714,2092.0,778.0,0.016154738878143133,0.0,1.0,3.4096173044925124,0,0
0,59001195,4,1311.5,3,147000.0,2,8,5,98,4,72000,187.08286930000003,4,3,0,0,0,0,0,0,0,0,33,8.25,792927.6,724740.0,470500.0,106700.0,0.75,1116.0,249.0,0.39285098406747887,0.0,1.0,1.685287141339001,0,0
0,58985542,5,1272.5,3,108000.0,2,15,5,113,4,450015,200.0,12,4,1,2,0,0,64,64,3,1,257,21.416666666666668,45838.8,19903.2,52500.0,150700.0,0.5833333333333334,3499.0,814.0,0.17210086264100863,0.08333333333333333,0.9884615384615385,0.87312,1,0
0,58996837,7,1235.0,3,56000.0,2,11,-1,114,4,151300,206.8888591,3,2,1,0,0,0,5,5,1,1,46,15.333333333333334,234103.2,114328.8,100500.0,97350.0,0.6666666666666666,1107.0,284.0,0.7762342064714945,0.3333333333333333,0.9787234042553191,2.329385074626866,1,0
0,54989264,4,1343.0,3,110000.0,2,8,2,105,5,60043,1.0,5,3,0,0,0,0,0,0,0,0,46,9.2,254846.40000000002,117481.2,100500.0,132000.0,0.8,1071.0,504.0,0.7391181818181819,0.0,1.0,2.5357850746268658,0,0
0,59001031,4,,2,58000.0,2,8,5,100,5,151300,196.2141687,2,2,0,0,0,0,0,0,0,0,21,10.5,668071.2000000001,634750.8,609459.0,0.0,1.0,624.0,621.0,,0.0,1.0,1.0961708662928926,0,1
0,58992063,7,1137.5,3,88000.0,2,11,-1,107,4,450081,158.11388300000002,6,2,1,0,0,0,6,6,1,1,98,16.333333333333332,91760.4,49054.8,57722.0,181500.0,0.5,1288.0,539.0,0.408396694214876,0.16666666666666666,0.98989898989899,1.5896954367485534,1,0
0,54985816,7,1320.5,3,108000.0,2,11,5,110,4,510068,248.997992,2,1,3,2,2,2,453,453,7,1,33,16.5,51964.8,51964.8,43804.0,33000.0,0.5,1481.0,503.0,0.0,0.5,0.825,1.186302620765227,1,0
0,58988196,5,1289.0,1,173000.0,2,15,5,112,3,350702,200.0,7,3,0,0,0,0,0,0,0,0,106,15.142857142857142,2020755.6,1945244.4,1739475.0,129800.0,0.8571428571428571,1172.0,689.0,0.34108474576271186,0.0,1.0,1.1617043073341096,0,0
0,58987926,5,,2,50000.0,2,15,5,108,4,450000,169.0,12,6,0,0,0,0,0,0,0,0,133,11.083333333333334,325861.2,183630.0,248011.0,141900.0,0.8333333333333334,1745.0,268.0,1.5460718816067653,0.0,1.0,1.3138981738713202,0,1
0,58995381,7,1220.0,3,76000.0,2,11,2,90,5,71002,1.0,8,5,8,5,2,2,681,297,15,4,90,11.25,632674.8,427122.0,375500.0,0.0,1.0,3819.0,259.0,,0.5,0.8571428571428571,1.6848862849533957,1,0
0,58998054,4,1250.0,3,137000.0,2,8,5,90,5,72000,1.0,8,4,1,0,0,0,1,1,1,1,201,25.125,170590.8,158676.0,430500.0,139150.0,0.75,3145.0,1568.0,0.06903341717570967,0.125,0.995049504950495,0.39626202090592333,1,0
0,54989781,4,1415.0,3,93000.0,2,8,5,113,4,151300,273.86127880000004,3,3,0,0,0,0,0,0,0,0,52,17.333333333333332,798620.4,456098.4,2400500.0,0.0,1.0,1299.0,371.0,,0.0,1.0,0.33268918975213496,0,0
